image_name,x1,y1,x2,y2,class,image_width,image_height
train_0.jpg,754.0,57.0,833.0,265.0,missing,3024,3024
train_0.jpg,2357.0,465.5,2460.0,665.5,missing,3024,3024
train_0.jpg,991.0,912.0,1181.0,1157.5,missing,3024,3024
train_0.jpg,49.0,1300.0,189.0,1578.5,missing,3024,3024
train_0.jpg,2470.0,1301.5,2619.0,1657.5,missing,3024,3024
train_0.jpg,185.0,1723.5,254.0,1898.0,missing,3024,3024
train_0.jpg,2346.0,2280.5,2505.0,2477.0,missing,3024,3024
train_0.jpg,2505.0,2280.5,2664.0,2477.0,missing,3024,3024
train_0.jpg,2514.5,2581.0,2615.0,2810.0,missing,3024,3024
train_0.jpg,2767.0,2433.5,2850.0,2760.0,missing,3024,3024
train_0.jpg,527.63,1720.15,627.8,1933.72,missing,3024,3024
train_1.jpg,475.0,2.5,583.0,308.5,missing,1920,2560
train_1.jpg,406.0,384.0,479.5,729.0,missing,1920,2560
train_1.jpg,479.5,384.0,553.0,729.0,missing,1920,2560
train_1.jpg,1067.0,429.5,1160.0,732.0,missing,1920,2560
train_1.jpg,1328.0,486.5,1427.0,739.5,missing,1920,2560
train_1.jpg,1427.0,486.5,1526.0,739.5,missing,1920,2560
train_1.jpg,427.0,792.0,522.0,1125.0,missing,1920,2560
train_1.jpg,523.4,2289.76,578.6,2517.76,missing,1920,2560
train_10.jpg,230.0,1171.5,308.5,1486.0,missing,2448,3264
train_10.jpg,308.5,1171.5,387.0,1486.0,missing,2448,3264
train_10.jpg,317.0,1608.0,402.0,1922.5,missing,2448,3264
train_10.jpg,2132.0,1738.5,2216.0,1919.0,missing,2448,3264
train_10.jpg,1835.0,2597.5,2009.0,2632.0,missing,2448,3264
train_10.jpg,1107.0,2772.0,1326.0,2799.0,missing,2448,3264
train_10.jpg,2366.0,2047.0,2474.0,2297.0,missing,2448,3264
train_100.jpg,1003.0,1371.5,1117.0,1513.5,missing,2448,3264
train_100.jpg,1216.0,1362.5,1343.0,1518.0,missing,2448,3264
train_100.jpg,2092.0,1636.0,2235.0,1795.5,missing,2448,3264
train_100.jpg,488.0,1897.0,592.33,2038.0,missing,2448,3264
train_100.jpg,592.33,1897.0,696.67,2038.0,missing,2448,3264
train_100.jpg,696.67,1897.0,801.0,2038.0,missing,2448,3264
train_100.jpg,994.0,1886.5,1099.0,2028.5,missing,2448,3264
train_100.jpg,1192.0,1884.5,1290.0,2018.5,missing,2448,3264
train_100.jpg,2204.0,1864.5,2296.0,2055.5,missing,2448,3264
train_100.jpg,878.0,2129.5,1012.0,2326.5,missing,2448,3264
train_100.jpg,1655.0,2125.5,1764.0,2316.0,missing,2448,3264
train_100.jpg,2294.0,2141.0,2426.0,2305.0,missing,2448,3264
train_100.jpg,3.32,1634.24,95.12,1794.89,missing,2448,3264
train_100.jpg,78.29,2876.6,208.34,3037.25,missing,2448,3264
train_1000.jpg,338.0,1044.5,370.0,1080.5,missing,2448,3264
train_1000.jpg,410.0,1047.0,446.33,1084.0,missing,2448,3264
train_1000.jpg,446.33,1047.0,482.67,1084.0,missing,2448,3264
train_1000.jpg,482.67,1047.0,519.0,1084.0,missing,2448,3264
train_1000.jpg,555.0,1058.0,581.0,1098.5,missing,2448,3264
train_1000.jpg,928.0,1115.0,959.0,1367.0,missing,2448,3264
train_1000.jpg,868.0,1544.0,906.0,1755.0,missing,2448,3264
train_1000.jpg,955.0,1526.5,990.0,1731.0,missing,2448,3264
train_1000.jpg,1050.0,1520.0,1087.0,1714.0,missing,2448,3264
train_1000.jpg,404.0,2349.0,559.0,2589.0,missing,2448,3264
train_1000.jpg,431.67,2437.0,559.0,2723.5,missing,2448,3264
train_1000.jpg,446.0,2745.0,581.0,2912.5,missing,2448,3264
train_1000.jpg,297.0,933.0,348.0,986.0,missing,2448,3264
train_1000.jpg,1082.0,1117.0,1132.0,1360.0,missing,2448,3264
train_1000.jpg,1880.63,1129.34,1964.78,1239.5,missing,2448,3264
train_1001.jpg,1595.0,669.5,1683.0,837.5,missing,1920,2560
train_1001.jpg,243.0,878.5,300.0,1043.5,missing,1920,2560
train_1001.jpg,1010.0,1476.0,1089.5,1616.0,missing,1920,2560
train_1001.jpg,1089.5,1476.0,1169.0,1616.0,missing,1920,2560
train_1002.jpg,351.0,471.5,449.5,572.5,missing,1920,2560
train_1002.jpg,449.5,471.5,548.0,572.5,missing,1920,2560
train_1002.jpg,917.0,695.0,1008.5,849.5,missing,1920,2560
train_1002.jpg,1008.5,695.0,1100.0,849.5,missing,1920,2560
train_1002.jpg,1653.0,967.0,1730.0,1094.5,missing,1920,2560
train_1002.jpg,893.0,1746.0,1014.0,1848.0,missing,1920,2560
train_1002.jpg,1014.0,1746.0,1135.0,1848.0,missing,1920,2560
train_1002.jpg,1718.0,364.0,1803.0,426.0,missing,1920,2560
train_1003.jpg,338.0,1609.0,465.0,1986.0,missing,2340,4160
train_1003.jpg,1476.0,1726.5,1590.0,1991.5,missing,2340,4160
train_1003.jpg,1590.0,1726.5,1704.0,1991.5,missing,2340,4160
train_1003.jpg,125.0,3068.0,209.67,3421.0,missing,2340,4160
train_1003.jpg,209.67,3068.0,294.33,3421.0,missing,2340,4160
train_1003.jpg,294.33,3068.0,379.0,3421.0,missing,2340,4160
train_1003.jpg,1783.0,2990.5,1886.5,3374.5,missing,2340,4160
train_1003.jpg,1886.5,2990.5,1990.0,3374.5,missing,2340,4160
train_1003.jpg,1726.0,3466.0,1827.0,3780.0,missing,2340,4160
train_1003.jpg,260.0,1047.0,449.0,1540.0,missing,2340,4160
train_1003.jpg,64.59,1038.57,254.72,1540.2,missing,2340,4160
train_1004.jpg,396.0,244.5,830.0,634.0,missing,2336,4160
train_1004.jpg,830.0,244.5,1264.0,634.0,missing,2336,4160
train_1004.jpg,1254.0,1573.0,1364.5,1862.0,missing,2336,4160
train_1004.jpg,1364.5,1573.0,1475.0,1862.0,missing,2336,4160
train_1004.jpg,2000.0,1590.5,2171.0,1862.0,missing,2336,4160
train_1004.jpg,2117.0,2536.0,2269.0,2705.5,missing,2336,4160
train_1004.jpg,681.0,2914.0,801.0,3105.0,missing,2336,4160
train_1004.jpg,801.0,2914.0,921.0,3105.0,missing,2336,4160
train_1004.jpg,376.0,3694.5,541.75,3971.5,missing,2336,4160
train_1004.jpg,541.75,3694.5,707.5,3971.5,missing,2336,4160
train_1004.jpg,707.5,3694.5,873.25,3971.5,missing,2336,4160
train_1004.jpg,873.25,3694.5,1039.0,3971.5,missing,2336,4160
train_1004.jpg,1454.0,3680.0,1725.0,3935.0,missing,2336,4160
train_1004.jpg,2128.0,3180.0,2317.0,3317.0,missing,2336,4160
train_1005.jpg,1140.0,1083.0,1246.33,1158.5,missing,2592,4608
train_1005.jpg,1246.33,1083.0,1352.67,1158.5,missing,2592,4608
train_1005.jpg,1352.67,1083.0,1459.0,1158.5,missing,2592,4608
train_1006.jpg,113.0,1567.0,187.0,1650.5,missing,3120,4160
train_1006.jpg,2191.0,2050.0,2297.0,2127.0,missing,3120,4160
train_1006.jpg,2170.0,2748.0,2376.0,2844.0,missing,3120,4160
train_1007.jpg,72.0,101.0,168.0,430.5,missing,2448,3264
train_1007.jpg,398.0,144.0,554.0,408.0,missing,2448,3264
train_1007.jpg,1679.0,664.5,1752.0,902.5,missing,2448,3264
train_1007.jpg,719.0,1435.5,771.0,1712.5,missing,2448,3264
train_1007.jpg,1951.0,1937.5,2036.5,2073.5,missing,2448,3264
train_1007.jpg,486.0,2270.5,576.0,2449.0,missing,2448,3264
train_1008.jpg,1792.0,923.0,1935.0,1049.5,missing,2448,3264
train_1008.jpg,1935.0,923.0,2078.0,1049.5,missing,2448,3264
train_1008.jpg,582.0,1378.0,737.0,1517.5,missing,2448,3264
train_1008.jpg,1225.0,2013.5,1263.0,2103.0,missing,2448,3264
train_1008.jpg,1463.0,2014.0,1505.0,2077.0,missing,2448,3264
train_1008.jpg,1930.0,2035.0,1970.0,2106.5,missing,2448,3264
train_1008.jpg,1316.0,2091.0,1363.0,2144.5,missing,2448,3264
train_1008.jpg,1363.0,2091.0,1410.0,2144.5,missing,2448,3264
train_1008.jpg,1464.0,2089.0,1505.0,2141.0,missing,2448,3264
train_1008.jpg,1555.0,2089.0,1601.0,2145.0,missing,2448,3264
train_1008.jpg,1601.0,2089.0,1647.0,2145.0,missing,2448,3264
train_1008.jpg,1782.0,2104.0,1829.0,2164.5,missing,2448,3264
train_1008.jpg,1829.0,2104.0,1876.0,2164.5,missing,2448,3264
train_1008.jpg,2022.0,2117.0,2067.5,2169.5,missing,2448,3264
train_1008.jpg,2067.5,2117.0,2113.0,2169.5,missing,2448,3264
train_1008.jpg,1921.0,2171.0,1970.0,2234.5,missing,2448,3264
train_1008.jpg,1139.0,2348.0,1202.5,2411.0,missing,2448,3264
train_1008.jpg,1202.5,2348.0,1266.0,2411.0,missing,2448,3264
train_1008.jpg,1551.0,2373.0,1594.0,2432.5,missing,2448,3264
train_1008.jpg,1775.0,2347.5,1832.0,2406.0,missing,2448,3264
train_1008.jpg,192.0,2587.5,277.33,2670.0,missing,2448,3264
train_1008.jpg,277.33,2587.5,362.67,2670.0,missing,2448,3264
train_1008.jpg,362.67,2587.5,448.0,2670.0,missing,2448,3264
train_1008.jpg,1704.68,1591.4,1814.84,1680.14,missing,2448,3264
train_1008.jpg,939.68,2604.26,1166.12,2787.86,missing,2448,3264
train_1008.jpg,2090.24,2657.81,2336.57,2777.15,missing,2448,3264
train_1008.jpg,1724.57,3078.56,2191.22,3262.16,missing,2448,3264
train_1009.jpg,1309.0,403.5,1376.0,607.0,missing,2448,3264
train_1009.jpg,1153.0,1953.0,1194.0,2139.5,missing,2448,3264
train_101.jpg,1061.0,786.0,1156.0,1029.0,missing,2448,3264
train_101.jpg,1671.0,793.5,1773.0,1030.5,missing,2448,3264
train_101.jpg,631.0,1198.5,762.5,1431.0,missing,2448,3264
train_101.jpg,762.5,1198.5,894.0,1431.0,missing,2448,3264
train_101.jpg,1759.0,1189.0,1911.0,1426.0,missing,2448,3264
train_101.jpg,2114.0,1488.0,2197.5,1854.0,missing,2448,3264
train_101.jpg,2197.5,1488.0,2281.0,1854.0,missing,2448,3264
train_101.jpg,589.0,1954.0,648.33,2114.5,missing,2448,3264
train_101.jpg,648.33,1954.0,707.67,2114.5,missing,2448,3264
train_101.jpg,707.67,1954.0,767.0,2114.5,missing,2448,3264
train_101.jpg,948.0,1979.0,987.0,2111.5,missing,2448,3264
train_101.jpg,1171.0,1982.5,1238.0,2118.5,missing,2448,3264
train_101.jpg,1238.0,1982.5,1305.0,2118.5,missing,2448,3264
train_101.jpg,1305.0,1982.5,1372.0,2118.5,missing,2448,3264
train_101.jpg,1740.0,2703.5,1885.5,2990.0,missing,2448,3264
train_101.jpg,445.49,2218.7,552.59,2478.8,missing,2448,3264
train_101.jpg,909.08,2887.31,1189.07,3044.9,missing,2448,3264
train_1010.jpg,1262.0,676.5,1344.0,912.5,missing,1920,2560
train_1010.jpg,279.0,1338.0,326.0,1658.5,missing,1920,2560
train_1010.jpg,884.0,1386.5,981.0,1653.5,missing,1920,2560
train_1010.jpg,1587.0,1382.0,1639.0,1605.5,missing,1920,2560
train_1010.jpg,471.0,1695.0,514.0,1960.5,missing,1920,2560
train_1010.jpg,951.0,2024.5,995.5,2292.5,missing,1920,2560
train_1010.jpg,995.5,2024.5,1040.0,2292.5,missing,1920,2560
train_1011.jpg,2051.0,1086.0,2092.0,1237.0,missing,2448,3264
train_1011.jpg,1777.0,1840.5,1813.0,2103.0,missing,2448,3264
train_1011.jpg,1632.0,2244.5,1713.0,2482.5,missing,2448,3264
train_1011.jpg,2412.0,1144.0,2475.0,1271.0,missing,2448,3264
train_1012.jpg,784.0,420.5,873.67,677.5,missing,1920,2560
train_1012.jpg,873.67,420.5,963.33,677.5,missing,1920,2560
train_1012.jpg,963.33,420.5,1053.0,677.5,missing,1920,2560
train_1012.jpg,733.0,738.0,830.5,980.0,missing,1920,2560
train_1012.jpg,830.5,738.0,928.0,980.0,missing,1920,2560
train_1012.jpg,928.0,738.0,1025.5,980.0,missing,1920,2560
train_1012.jpg,1025.5,738.0,1123.0,980.0,missing,1920,2560
train_1012.jpg,286.0,1052.5,344.0,1283.5,missing,1920,2560
train_1012.jpg,446.0,1046.5,509.0,1283.0,missing,1920,2560
train_1012.jpg,380.0,2218.5,493.0,2285.0,missing,1920,2560
train_1012.jpg,1194.0,2198.0,1268.0,2267.5,missing,1920,2560
train_1012.jpg,1469.0,2183.0,1574.0,2256.5,missing,1920,2560
train_1012.jpg,1783.0,703.0,1882.0,955.0,missing,1920,2560
train_1012.jpg,49.0,1323.0,121.0,1558.0,missing,1920,2560
train_1012.jpg,8.0,2106.0,102.0,2162.0,missing,1920,2560
train_1013.jpg,258.83,1713.8,437.84,1920.35,missing,2448,3264
train_1014.jpg,1953.0,993.0,2466.0,1095.0,missing,3120,4208
train_1014.jpg,1957.0,1099.0,2471.0,1197.0,missing,3120,4208
train_1014.jpg,1474.0,1423.5,1931.5,1535.0,missing,3120,4208
train_1014.jpg,1931.5,1423.5,2389.0,1535.0,missing,3120,4208
train_1014.jpg,1890.0,1551.5,2374.0,1654.5,missing,3120,4208
train_1014.jpg,1627.0,2280.0,2038.67,2387.0,missing,3120,4208
train_1014.jpg,2038.67,2280.0,2450.33,2387.0,missing,3120,4208
train_1014.jpg,1274.0,2680.5,1713.0,2766.5,missing,3120,4208
train_1015.jpg,1281.0,199.5,1454.0,339.5,missing,3024,3024
train_1015.jpg,1566.0,226.5,1827.0,303.0,missing,3024,3024
train_1015.jpg,1790.0,309.5,1878.0,510.0,missing,3024,3024
train_1015.jpg,2110.0,1262.0,2313.0,1477.5,missing,3024,3024
train_1015.jpg,2313.0,1262.0,2516.0,1477.5,missing,3024,3024
train_1015.jpg,2029.0,1811.5,2208.0,2024.0,missing,3024,3024
train_1015.jpg,443.33,2242.0,607.67,2386.0,missing,3024,3024
train_1015.jpg,404.0,2297.0,555.25,2477.0,missing,3024,3024
train_1015.jpg,452.0,2394.0,606.0,2567.0,missing,3024,3024
train_1015.jpg,1563.0,2387.0,1693.0,2597.0,missing,3024,3024
train_1016.jpg,459.0,856.0,555.67,1216.5,missing,2448,3264
train_1016.jpg,855.0,1619.0,943.0,1903.5,missing,2448,3264
train_1016.jpg,297.0,1979.0,382.0,2238.5,missing,2448,3264
train_1017.jpg,1979.0,7.0,2127.0,452.5,missing,2448,3264
train_1017.jpg,1152.0,55.5,1254.0,550.5,missing,2448,3264
train_1017.jpg,431.0,1234.0,476.0,1416.0,missing,2448,3264
train_1017.jpg,476.0,1234.0,521.0,1416.0,missing,2448,3264
train_1017.jpg,521.0,1234.0,566.0,1416.0,missing,2448,3264
train_1017.jpg,1403.0,1268.0,1456.5,1583.0,missing,2448,3264
train_1017.jpg,1456.5,1268.0,1510.0,1583.0,missing,2448,3264
train_1017.jpg,2153.0,1441.5,2253.0,1797.5,missing,2448,3264
train_1017.jpg,1715.0,1910.0,1823.5,2096.0,missing,2448,3264
train_1017.jpg,1823.5,1910.0,1932.0,2096.0,missing,2448,3264
train_1019.jpg,1198.0,246.5,1452.0,400.5,missing,2340,4160
train_1019.jpg,1452.0,246.5,1706.0,400.5,missing,2340,4160
train_1019.jpg,1706.0,246.5,1960.0,400.5,missing,2340,4160
train_1019.jpg,1960.0,246.5,2214.0,400.5,missing,2340,4160
train_1019.jpg,1425.0,827.0,1539.0,1022.0,missing,2340,4160
train_1019.jpg,1788.0,799.5,1861.0,1034.0,missing,2340,4160
train_1019.jpg,1235.0,1140.0,1320.0,1352.5,missing,2340,4160
train_1019.jpg,1490.0,1137.0,1563.0,1364.0,missing,2340,4160
train_1019.jpg,158.0,1460.0,268.0,1753.5,missing,2340,4160
train_102.jpg,343.0,893.0,424.0,950.5,missing,2336,4160
train_102.jpg,1892.0,818.0,1995.0,993.0,missing,2336,4160
train_102.jpg,474.0,1105.5,553.0,1291.5,missing,2336,4160
train_102.jpg,553.0,1105.5,632.0,1291.5,missing,2336,4160
train_102.jpg,853.0,1132.5,994.0,1304.5,missing,2336,4160
train_102.jpg,2063.0,1181.0,2145.0,1332.0,missing,2336,4160
train_102.jpg,145.0,1408.5,279.0,1586.0,missing,2336,4160
train_102.jpg,1758.0,1457.5,1890.33,1636.0,missing,2336,4160
train_102.jpg,1890.33,1457.5,2022.67,1636.0,missing,2336,4160
train_102.jpg,2022.67,1457.5,2155.0,1636.0,missing,2336,4160
train_102.jpg,1698.0,1744.0,1781.0,1922.5,missing,2336,4160
train_102.jpg,1912.0,1779.5,2008.5,1927.5,missing,2336,4160
train_102.jpg,2008.5,1779.5,2105.0,1927.5,missing,2336,4160
train_102.jpg,1960.0,2758.0,2035.0,2948.0,missing,2336,4160
train_102.jpg,294.0,2995.0,334.0,3174.5,missing,2336,4160
train_102.jpg,480.0,2978.0,559.0,3182.0,missing,2336,4160
train_102.jpg,667.0,2994.0,727.5,3179.5,missing,2336,4160
train_102.jpg,727.5,2994.0,788.0,3179.5,missing,2336,4160
train_1020.jpg,1356.0,137.5,1504.0,449.5,missing,1920,2560
train_1020.jpg,1601.0,1754.5,1690.5,1975.5,missing,1920,2560
train_1020.jpg,1690.5,1754.5,1780.0,1975.5,missing,1920,2560
train_1020.jpg,1183.0,2032.0,1245.5,2258.5,missing,1920,2560
train_1020.jpg,1245.5,2032.0,1308.0,2258.5,missing,1920,2560
train_1021.jpg,1664.0,1615.0,1764.0,1805.0,missing,1920,2560
train_1022.jpg,1754.0,1100.5,1829.0,1224.0,missing,2448,3264
train_1022.jpg,911.0,1394.0,978.0,1483.0,missing,2448,3264
train_1022.jpg,1434.0,1491.0,1515.5,1582.5,missing,2448,3264
train_1022.jpg,1515.5,1491.0,1597.0,1582.5,missing,2448,3264
train_1022.jpg,1102.0,1661.0,1198.75,1765.0,missing,2448,3264
train_1022.jpg,1392.25,1661.0,1489.0,1765.0,missing,2448,3264
train_1022.jpg,1096.33,1693.5,1207.0,1791.5,missing,2448,3264
train_1022.jpg,1978.0,2033.5,2061.0,2138.0,missing,2448,3264
train_1022.jpg,850.0,2144.5,994.0,2284.0,missing,2448,3264
train_1022.jpg,523.52,2598.14,740.78,2769.5,missing,2448,3264
train_1022.jpg,1150.82,2175.86,1291.58,2290.61,missing,2448,3264
train_1022.jpg,1441.52,2198.81,1582.28,2287.55,missing,2448,3264
train_1022.jpg,1291.58,2230.94,1439.99,2292.14,missing,2448,3264
train_1022.jpg,1586.87,2203.4,1732.22,2292.14,missing,2448,3264
train_1023.jpg,994.0,159.5,1102.0,459.5,missing,1920,2560
train_1023.jpg,783.0,1364.5,884.0,1467.5,missing,1920,2560
train_1023.jpg,884.0,1364.5,985.0,1467.5,missing,1920,2560
train_1023.jpg,335.0,1484.5,471.5,1641.0,missing,1920,2560
train_1023.jpg,471.5,1484.5,608.0,1641.0,missing,1920,2560
train_1023.jpg,1052.0,1760.0,1212.0,1838.0,missing,1920,2560
train_1023.jpg,1312.0,2139.5,1452.0,2355.5,missing,1920,2560
train_1023.jpg,24.0,795.0,175.0,1032.0,missing,1920,2560
train_1023.jpg,1691.0,2271.76,1903.4,2402.56,missing,1920,2560
train_1025.jpg,492.0,28.5,544.0,355.0,missing,2560,1920
train_1025.jpg,1562.0,873.0,1646.5,1154.0,missing,2560,1920
train_1025.jpg,1646.5,873.0,1731.0,1154.0,missing,2560,1920
train_1026.jpg,100.0,287.0,245.0,378.5,missing,2448,3264
train_1026.jpg,523.0,1189.5,638.0,1266.0,missing,2448,3264
train_1026.jpg,1285.0,1366.5,1395.0,1443.0,missing,2448,3264
train_1026.jpg,1261.0,1415.5,1390.0,1518.5,missing,2448,3264
train_1026.jpg,1046.0,1646.0,1206.0,1737.5,missing,2448,3264
train_1026.jpg,1344.0,1632.0,1498.0,1723.5,missing,2448,3264
train_1026.jpg,1487.0,2216.5,1580.5,2304.5,missing,2448,3264
train_1026.jpg,1580.5,2216.5,1674.0,2304.5,missing,2448,3264
train_1026.jpg,2086.0,2109.0,2174.0,2298.0,missing,2448,3264
train_1026.jpg,1278.0,2374.0,1396.0,2427.5,missing,2448,3264
train_1026.jpg,761.0,2398.0,898.67,2467.0,missing,2448,3264
train_1026.jpg,898.67,2398.0,1036.33,2467.0,missing,2448,3264
train_1026.jpg,1286.0,2390.5,1458.0,2472.0,missing,2448,3264
train_1026.jpg,11.0,1200.0,137.0,1286.0,missing,2448,3264
train_1026.jpg,1758.0,1643.0,1896.0,1721.0,missing,2448,3264
train_1027.jpg,748.0,282.5,913.0,411.0,missing,1920,2560
train_1027.jpg,1521.0,285.0,1660.0,407.0,missing,1920,2560
train_1027.jpg,471.0,591.0,587.33,654.5,missing,1920,2560
train_1027.jpg,587.33,591.0,703.67,654.5,missing,1920,2560
train_1027.jpg,703.67,591.0,820.0,654.5,missing,1920,2560
train_1027.jpg,979.0,523.0,1116.25,642.5,missing,1920,2560
train_1027.jpg,1116.25,523.0,1253.5,642.5,missing,1920,2560
train_1027.jpg,1253.5,523.0,1390.75,642.5,missing,1920,2560
train_1027.jpg,1390.75,523.0,1528.0,642.5,missing,1920,2560
train_1027.jpg,1831.4,1506.16,1909.4,1610.56,missing,1920,2560
train_1028.jpg,376.0,181.5,491.0,322.5,missing,1920,2560
train_1028.jpg,619.0,535.5,663.0,684.5,missing,1920,2560
train_1028.jpg,619.0,1201.5,656.0,1316.0,missing,1920,2560
train_1028.jpg,949.0,1250.5,988.0,1369.0,missing,1920,2560
train_1028.jpg,1049.0,1260.5,1119.0,1378.5,missing,1920,2560
train_1028.jpg,1154.6,1836.16,1322.6,1952.56,missing,1920,2560
train_1029.jpg,1424.0,76.5,1532.0,226.0,missing,2448,3264
train_1029.jpg,2019.0,610.5,2158.5,765.0,missing,2448,3264
train_1029.jpg,2158.5,610.5,2298.0,765.0,missing,2448,3264
train_1029.jpg,795.0,875.0,948.0,1116.5,missing,2448,3264
train_1029.jpg,151.0,1553.0,278.33,1626.5,missing,2448,3264
train_1029.jpg,887.5,1571.5,1004.25,1636.0,missing,2448,3264
train_1029.jpg,1004.25,1571.5,1121.0,1636.0,missing,2448,3264
train_1029.jpg,134.0,2369.0,326.0,2526.0,missing,2448,3264
train_1029.jpg,2303.0,842.0,2444.0,1078.0,missing,2448,3264
train_1029.jpg,613.79,2413.01,743.84,2506.34,missing,2448,3264
train_1029.jpg,1563.92,2731.25,1654.19,2902.61,missing,2448,3264
train_1029.jpg,1661.84,2746.55,1785.77,2902.61,missing,2448,3264
train_1029.jpg,1791.89,2751.14,1906.64,2899.55,missing,2448,3264
train_1029.jpg,1911.23,2746.55,2029.04,2887.31,missing,2448,3264
train_103.jpg,964.0,700.5,1037.0,946.5,missing,1920,2560
train_103.jpg,451.0,1850.5,532.0,2013.0,missing,1920,2560
train_103.jpg,1447.0,1906.0,1546.0,2100.5,missing,1920,2560
train_103.jpg,1355.0,1346.56,1448.6,1542.16,missing,1920,2560
train_1030.jpg,1548.0,535.0,1666.0,843.5,missing,2448,3264
train_1030.jpg,1666.0,535.0,1784.0,843.5,missing,2448,3264
train_1030.jpg,1784.0,535.0,1902.0,843.5,missing,2448,3264
train_1030.jpg,1298.0,1396.0,1431.0,1660.0,missing,2448,3264
train_1030.jpg,1407.0,1733.0,1499.0,2025.0,missing,2448,3264
train_1030.jpg,796.0,2401.5,892.0,2608.5,missing,2448,3264
train_1030.jpg,465.0,2612.5,638.0,2829.5,missing,2448,3264
train_1031.jpg,980.0,4.0,1134.0,281.0,missing,2448,3264
train_1031.jpg,618.0,992.0,797.0,1099.0,missing,2448,3264
train_1031.jpg,633.0,1078.0,786.0,1356.5,missing,2448,3264
train_1031.jpg,1288.0,1151.0,1428.0,1364.5,missing,2448,3264
train_1031.jpg,1428.0,1151.0,1568.0,1364.5,missing,2448,3264
train_1031.jpg,347.0,1555.0,486.0,1676.0,missing,2448,3264
train_1031.jpg,486.0,1555.0,625.0,1676.0,missing,2448,3264
train_1031.jpg,919.0,1554.5,1051.0,1677.0,missing,2448,3264
train_1031.jpg,1051.0,1554.5,1183.0,1677.0,missing,2448,3264
train_1031.jpg,807.0,1931.0,868.0,2002.0,missing,2448,3264
train_1031.jpg,1621.0,1941.5,1705.0,2023.5,missing,2448,3264
train_1031.jpg,1705.0,1941.5,1789.0,2023.5,missing,2448,3264
train_1031.jpg,811.0,2182.0,898.0,2304.5,missing,2448,3264
train_1031.jpg,212.0,1931.0,281.0,1977.0,missing,2448,3264
train_1031.jpg,973.34,592.31,1130.93,837.11,missing,2448,3264
train_1031.jpg,1133.99,593.84,1276.28,838.64,missing,2448,3264
train_1031.jpg,1276.28,589.25,1433.87,830.99,missing,2448,3264
train_1031.jpg,1432.34,589.25,1585.34,830.99,missing,2448,3264
train_1031.jpg,860.12,577.01,967.22,837.11,missing,2448,3264
train_1033.jpg,2680.0,304.5,2795.0,495.5,missing,3264,2448
train_1033.jpg,2951.0,268.5,3076.0,491.5,missing,3264,2448
train_1033.jpg,1233.0,622.5,1385.0,810.0,missing,3264,2448
train_1033.jpg,853.0,1392.5,1014.0,1561.5,missing,3264,2448
train_1033.jpg,1202.0,1398.5,1414.0,1561.5,missing,3264,2448
train_1033.jpg,1578.0,1608.0,1760.5,1765.0,missing,3264,2448
train_1033.jpg,1760.5,1608.0,1943.0,1765.0,missing,3264,2448
train_1033.jpg,2067.0,1583.5,2188.0,1738.5,missing,3264,2448
train_1033.jpg,2158.33,1840.0,2280.67,1924.5,missing,3264,2448
train_1033.jpg,2280.67,1840.0,2403.0,1924.5,missing,3264,2448
train_1033.jpg,904.0,1917.0,1016.5,2081.5,missing,3264,2448
train_1033.jpg,1016.5,1917.0,1129.0,2081.5,missing,3264,2448
train_1033.jpg,1299.0,1905.0,1435.0,2073.0,missing,3264,2448
train_1033.jpg,1435.0,1905.0,1571.0,2073.0,missing,3264,2448
train_1033.jpg,2531.0,1919.5,2649.0,2091.5,missing,3264,2448
train_1033.jpg,285.6,1142.67,475.32,1326.27,missing,3264,2448
train_1033.jpg,255.0,1626.15,495.72,1791.39,missing,3264,2448
train_1034.jpg,163.0,345.5,308.0,790.5,missing,2448,3264
train_1034.jpg,1320.0,1136.5,1457.0,1280.0,missing,2448,3264
train_1034.jpg,1765.0,1809.0,1865.0,2010.0,missing,2448,3264
train_1034.jpg,1451.0,2073.5,1549.0,2293.5,missing,2448,3264
train_1034.jpg,249.0,2435.0,343.0,2709.0,missing,2448,3264
train_1034.jpg,1896.0,2439.0,1965.0,2711.5,missing,2448,3264
train_1035.jpg,1693.0,980.5,1748.5,1254.5,missing,2560,1920
train_1035.jpg,1748.5,980.5,1804.0,1254.5,missing,2560,1920
train_1035.jpg,2483.2,984.21,2556.8,1259.41,missing,2560,1920
train_1036.jpg,750.0,477.5,796.5,761.5,missing,1920,2560
train_1036.jpg,796.5,477.5,843.0,761.5,missing,1920,2560
train_1036.jpg,1314.0,579.5,1372.0,749.5,missing,1920,2560
train_1036.jpg,1721.0,498.0,1774.0,734.0,missing,1920,2560
train_1036.jpg,169.0,907.5,277.0,1128.5,missing,1920,2560
train_1036.jpg,184.0,1306.5,269.0,1556.5,missing,1920,2560
train_1036.jpg,269.0,1306.5,354.0,1556.5,missing,1920,2560
train_1036.jpg,135.0,2002.0,229.0,2267.5,missing,1920,2560
train_1036.jpg,647.0,1990.0,733.0,2245.5,missing,1920,2560
train_1036.jpg,475.0,2351.5,577.0,2562.0,missing,1920,2560
train_1036.jpg,1843.0,2338.0,1915.0,2560.0,missing,1920,2560
train_1037.jpg,136.0,772.5,317.0,863.0,missing,1920,2560
train_1037.jpg,1413.0,1354.5,1487.0,1502.0,missing,1920,2560
train_1037.jpg,232.0,1648.5,309.0,1867.0,missing,1920,2560
train_1037.jpg,882.0,1651.0,943.0,1851.5,missing,1920,2560
train_1037.jpg,110.0,1968.0,206.0,2125.5,missing,1920,2560
train_1037.jpg,748.0,1989.0,801.0,2124.0,missing,1920,2560
train_1037.jpg,125.0,2237.0,184.0,2409.0,missing,1920,2560
train_1037.jpg,-48.0,181.0,66.0,403.0,missing,1920,2560
train_1037.jpg,1733.0,2268.16,1880.6,2550.16,missing,1920,2560
train_1037.jpg,1765.4,2040.16,1873.4,2216.56,missing,1920,2560
train_1038.jpg,382.0,299.5,546.75,426.0,missing,2448,3264
train_1038.jpg,546.75,299.5,711.5,426.0,missing,2448,3264
train_1038.jpg,711.5,299.5,876.25,426.0,missing,2448,3264
train_1038.jpg,876.25,299.5,1041.0,426.0,missing,2448,3264
train_1038.jpg,1143.0,312.5,1307.33,405.0,missing,2448,3264
train_1038.jpg,1307.33,312.5,1471.67,405.0,missing,2448,3264
train_1038.jpg,1471.67,312.5,1636.0,405.0,missing,2448,3264
train_1038.jpg,1444.0,430.5,1542.0,699.5,missing,2448,3264
train_1038.jpg,1083.0,732.0,1239.0,1060.5,missing,2448,3264
train_1038.jpg,1855.0,1495.0,1969.0,1771.0,missing,2448,3264
train_1038.jpg,1991.0,2242.5,2077.0,2408.5,missing,2448,3264
train_1038.jpg,1248.0,2495.0,1339.0,2750.5,missing,2448,3264
train_1038.jpg,1339.0,2495.0,1430.0,2750.5,missing,2448,3264
train_1038.jpg,717.83,2588.96,809.63,2766.44,missing,2448,3264
train_1038.jpg,1539.44,2604.26,1628.18,2743.49,missing,2448,3264
train_1038.jpg,1845.44,2578.25,1975.49,2720.54,missing,2448,3264
train_1039.jpg,596.0,319.0,695.0,712.0,missing,2448,3264
train_1039.jpg,695.0,319.0,794.0,712.0,missing,2448,3264
train_1039.jpg,1775.0,406.5,1895.5,752.5,missing,2448,3264
train_1039.jpg,1895.5,406.5,2016.0,752.5,missing,2448,3264
train_1039.jpg,1058.0,1206.0,1181.0,1545.0,missing,2448,3264
train_1039.jpg,1181.0,1206.0,1304.0,1545.0,missing,2448,3264
train_1039.jpg,427.0,2902.5,507.5,3017.5,missing,2448,3264
train_1039.jpg,507.5,2902.5,588.0,3017.5,missing,2448,3264
train_1039.jpg,588.0,2902.5,668.5,3017.5,missing,2448,3264
train_1039.jpg,668.5,2902.5,749.0,3017.5,missing,2448,3264
train_1039.jpg,1456.0,2877.5,1561.5,3014.5,missing,2448,3264
train_1039.jpg,1561.5,2877.5,1667.0,3014.5,missing,2448,3264
train_1039.jpg,108.0,2734.0,204.0,2820.0,missing,2448,3264
train_104.jpg,1692.0,640.0,1863.0,755.0,missing,1920,2560
train_104.jpg,1691.0,791.0,1833.0,944.0,missing,1920,2560
train_104.jpg,1213.4,2151.76,1346.6,2265.76,missing,1920,2560
train_1040.jpg,1211.0,302.0,1343.5,477.0,missing,1920,2560
train_1040.jpg,1214.0,557.5,1297.5,744.5,missing,1920,2560
train_1040.jpg,1297.5,557.5,1381.0,744.5,missing,1920,2560
train_1040.jpg,595.0,874.0,703.0,962.5,missing,1920,2560
train_1040.jpg,1221.0,812.5,1311.0,968.5,missing,1920,2560
train_1040.jpg,1311.0,812.5,1401.0,968.5,missing,1920,2560
train_1040.jpg,1401.0,812.5,1491.0,968.5,missing,1920,2560
train_1040.jpg,200.67,1113.0,262.0,1252.5,missing,1920,2560
train_1040.jpg,1039.0,1149.0,1107.0,1245.0,missing,1920,2560
train_1040.jpg,594.0,1362.0,630.0,1496.5,missing,1920,2560
train_1040.jpg,1223.0,1429.0,1298.0,1591.5,missing,1920,2560
train_1040.jpg,127.0,1458.0,151.5,1668.0,missing,1920,2560
train_1040.jpg,151.5,1458.0,176.0,1668.0,missing,1920,2560
train_1040.jpg,1400.0,1818.5,1453.25,2024.5,missing,1920,2560
train_1040.jpg,1585.0,2123.5,1653.0,2182.5,missing,1920,2560
train_1040.jpg,1613.0,291.76,1705.4,465.76,missing,1920,2560
train_1040.jpg,931.4,1653.76,1009.4,1914.16,missing,1920,2560
train_1040.jpg,1751.0,2403.76,1826.6,2553.76,missing,1920,2560
train_1041.jpg,1864.0,3196.0,2185.0,3392.5,missing,3120,4160
train_1043.jpg,130.0,842.0,184.0,946.5,missing,1920,2560
train_1043.jpg,246.0,838.0,294.0,961.0,missing,1920,2560
train_1043.jpg,1054.0,833.5,1137.0,1049.5,missing,1920,2560
train_1043.jpg,1400.0,838.0,1503.0,1091.5,missing,1920,2560
train_1043.jpg,154.0,1239.0,192.0,1373.0,missing,1920,2560
train_1043.jpg,216.5,1375.5,309.0,1512.0,missing,1920,2560
train_1043.jpg,1256.0,1253.0,1323.0,1462.0,missing,1920,2560
train_1043.jpg,190.0,1429.0,286.25,1568.0,missing,1920,2560
train_1043.jpg,631.0,1452.5,720.0,1604.0,missing,1920,2560
train_1043.jpg,282.0,1108.0,321.0,1248.0,missing,1920,2560
train_1043.jpg,416.6,1371.76,452.6,1536.16,missing,1920,2560
train_1043.jpg,449.0,1364.56,497.0,1539.76,missing,1920,2560
train_1043.jpg,497.0,1410.16,541.4,1563.76,missing,1920,2560
train_1043.jpg,541.4,1412.56,572.6,1584.16,missing,1920,2560
train_1043.jpg,848.6,1506.16,911.0,1682.56,missing,1920,2560
train_1043.jpg,911.0,1521.76,962.6,1706.56,missing,1920,2560
train_1043.jpg,962.6,1554.16,1015.4,1731.76,missing,1920,2560
train_1043.jpg,1016.6,1575.76,1052.6,1742.56,missing,1920,2560
train_1043.jpg,1543.4,1728.16,1652.6,1944.16,missing,1920,2560
train_1043.jpg,73.4,2004.16,91.4,2022.16,missing,1920,2560
train_1044.jpg,1454.0,637.5,1531.0,923.5,missing,1920,2560
train_1044.jpg,102.0,649.5,238.0,1021.5,missing,1920,2560
train_1044.jpg,1583.0,1285.5,1683.0,1385.0,missing,1920,2560
train_1045.jpg,1335.0,1326.5,1410.0,1522.5,missing,2448,3264
train_1045.jpg,1410.0,1326.5,1485.0,1522.5,missing,2448,3264
train_1045.jpg,2044.0,1325.0,2100.0,1514.5,missing,2448,3264
train_1045.jpg,1334.0,1528.5,1408.0,1719.0,missing,2448,3264
train_1045.jpg,1408.0,1528.5,1482.0,1719.0,missing,2448,3264
train_1045.jpg,2049.0,1519.5,2094.0,1695.0,missing,2448,3264
train_1045.jpg,1330.0,1726.5,1399.5,1907.0,missing,2448,3264
train_1045.jpg,1399.5,1726.5,1469.0,1907.0,missing,2448,3264
train_1045.jpg,1332.0,1909.5,1407.0,2100.0,missing,2448,3264
train_1045.jpg,85.0,2119.5,150.0,2327.0,missing,2448,3264
train_1046.jpg,788.0,202.0,948.0,308.0,missing,2336,4160
train_1046.jpg,1720.0,229.0,1816.0,347.0,missing,2336,4160
train_1046.jpg,1302.0,988.0,1417.0,1208.0,missing,2336,4160
train_1046.jpg,569.0,1349.5,633.75,1637.0,missing,2336,4160
train_1046.jpg,633.75,1349.5,698.5,1637.0,missing,2336,4160
train_1046.jpg,698.5,1349.5,763.25,1637.0,missing,2336,4160
train_1046.jpg,763.25,1349.5,828.0,1637.0,missing,2336,4160
train_1046.jpg,1281.0,1379.5,1347.67,1642.5,missing,2336,4160
train_1046.jpg,1347.67,1379.5,1414.33,1642.5,missing,2336,4160
train_1046.jpg,1414.33,1379.5,1481.0,1642.5,missing,2336,4160
train_1046.jpg,1740.0,1404.5,1825.0,1639.0,missing,2336,4160
train_1046.jpg,1825.0,1404.5,1910.0,1639.0,missing,2336,4160
train_1046.jpg,1428.0,2267.5,1509.5,2420.0,missing,2336,4160
train_1046.jpg,1509.5,2267.5,1591.0,2420.0,missing,2336,4160
train_1046.jpg,1690.0,2260.0,1766.0,2416.0,missing,2336,4160
train_1046.jpg,1833.0,3075.5,1880.0,3253.0,missing,2336,4160
train_1046.jpg,281.0,3177.0,342.5,3339.5,missing,2336,4160
train_1046.jpg,342.5,3177.0,404.0,3339.5,missing,2336,4160
train_1046.jpg,1943.0,3454.5,2085.0,3651.5,missing,2336,4160
train_1048.jpg,292.0,370.0,371.67,557.0,missing,1920,2560
train_1048.jpg,371.67,370.0,451.33,557.0,missing,1920,2560
train_1048.jpg,451.33,370.0,531.0,557.0,missing,1920,2560
train_1048.jpg,860.0,350.0,988.0,549.5,missing,1920,2560
train_1048.jpg,1410.0,688.0,1516.0,897.5,missing,1920,2560
train_1048.jpg,487.0,1670.0,599.0,1877.5,missing,1920,2560
train_1048.jpg,92.0,1823.5,224.0,2015.5,missing,1920,2560
train_1048.jpg,292.0,2354.5,347.0,2543.5,missing,1920,2560
train_1048.jpg,347.0,2354.5,402.0,2543.5,missing,1920,2560
train_1048.jpg,1807.4,2346.16,1891.4,2516.56,missing,1920,2560
train_1048.jpg,1724.6,2361.76,1802.6,2516.56,missing,1920,2560
train_1049.jpg,2069.0,207.0,2176.0,677.0,missing,2448,3264
train_1049.jpg,2126.0,934.5,2327.0,1251.0,missing,2448,3264
train_1049.jpg,912.0,1445.0,984.0,1700.5,missing,2448,3264
train_1049.jpg,591.0,1807.0,705.0,2027.0,missing,2448,3264
train_1049.jpg,1117.0,1781.0,1196.0,2013.5,missing,2448,3264
train_1049.jpg,81.0,2212.0,167.0,2332.0,missing,2448,3264
train_1050.jpg,626.0,552.0,834.0,919.5,missing,2336,4160
train_1050.jpg,625.0,2522.5,834.0,2657.0,missing,2336,4160
train_1050.jpg,1050.0,2526.0,1257.5,2674.0,missing,2336,4160
train_1050.jpg,1257.5,2526.0,1465.0,2674.0,missing,2336,4160
train_1050.jpg,1657.0,2532.0,1889.0,2691.0,missing,2336,4160
train_1050.jpg,181.0,3108.5,359.0,3242.0,missing,2336,4160
train_1050.jpg,1893.86,1266.01,2071.98,1598.89,missing,2336,4160
train_1050.jpg,1685.08,1258.71,1896.78,1601.81,missing,2336,4160
train_1050.jpg,1505.5,1258.71,1680.7,1595.97,missing,2336,4160
train_1050.jpg,1339.06,1252.87,1502.58,1588.67,missing,2336,4160
train_1050.jpg,2250.1,3598.61,2330.4,3759.21,missing,2336,4160
train_1051.jpg,2027.0,643.0,2073.0,738.5,missing,2560,1920
train_1051.jpg,2073.0,643.0,2119.0,738.5,missing,2560,1920
train_1051.jpg,2213.0,614.5,2267.0,712.5,missing,2560,1920
train_1051.jpg,103.0,565.5,139.67,798.5,missing,2560,1920
train_1051.jpg,139.67,565.5,176.33,798.5,missing,2560,1920
train_1051.jpg,176.33,565.5,213.0,798.5,missing,2560,1920
train_1051.jpg,2016.25,769.5,2056.5,838.5,missing,2560,1920
train_1051.jpg,1709.0,820.0,1749.5,912.0,missing,2560,1920
train_1051.jpg,1749.5,820.0,1790.0,912.0,missing,2560,1920
train_1051.jpg,1944.0,878.0,1973.0,989.0,missing,2560,1920
train_1051.jpg,2181.0,969.0,2216.67,1014.0,missing,2560,1920
train_1051.jpg,1914.0,1111.5,1946.0,1192.5,missing,2560,1920
train_1051.jpg,1946.0,1111.5,1978.0,1192.5,missing,2560,1920
train_1051.jpg,177.0,1176.5,217.33,1382.0,missing,2560,1920
train_1051.jpg,217.33,1176.5,257.67,1382.0,missing,2560,1920
train_1051.jpg,257.67,1176.5,298.0,1382.0,missing,2560,1920
train_1051.jpg,254.0,1436.0,311.0,1624.5,missing,2560,1920
train_1051.jpg,311.0,1436.0,368.0,1624.5,missing,2560,1920
train_1051.jpg,1259.2,469.01,1284.8,603.41,missing,2560,1920
train_1051.jpg,1339.2,445.01,1372.8,600.21,missing,2560,1920
train_1051.jpg,1376.0,440.21,1404.8,587.41,missing,2560,1920
train_1051.jpg,1411.2,435.41,1444.8,579.41,missing,2560,1920
train_1051.jpg,1444.8,432.21,1491.2,571.41,missing,2560,1920
train_1052.jpg,220.0,181.0,323.25,386.5,missing,4160,2340
train_1052.jpg,323.25,181.0,426.5,386.5,missing,4160,2340
train_1052.jpg,426.5,181.0,529.75,386.5,missing,4160,2340
train_1052.jpg,529.75,181.0,633.0,386.5,missing,4160,2340
train_1052.jpg,295.0,435.5,419.33,750.5,missing,4160,2340
train_1052.jpg,419.33,435.5,543.67,750.5,missing,4160,2340
train_1052.jpg,543.67,435.5,668.0,750.5,missing,4160,2340
train_1052.jpg,1082.0,601.5,1169.0,771.0,missing,4160,2340
train_1052.jpg,2600.0,526.5,2722.0,779.5,missing,4160,2340
train_1052.jpg,1200.0,1310.0,1374.0,1400.0,missing,4160,2340
train_1052.jpg,3286.0,1063.0,3413.0,1300.0,missing,4160,2340
train_1052.jpg,865.0,1336.5,950.5,1457.5,missing,4160,2340
train_1052.jpg,1255.0,1400.0,1333.0,1482.5,missing,4160,2340
train_1052.jpg,662.0,1690.5,809.5,2007.0,missing,4160,2340
train_1052.jpg,809.5,1690.5,957.0,2007.0,missing,4160,2340
train_1052.jpg,3592.0,1848.0,3711.0,1991.5,missing,4160,2340
train_1053.jpg,1565.0,62.5,1607.0,303.5,missing,2448,3264
train_1053.jpg,1741.0,108.5,1797.0,351.0,missing,2448,3264
train_1053.jpg,1887.0,155.0,1929.0,381.0,missing,2448,3264
train_1053.jpg,2230.0,526.5,2270.25,710.5,missing,2448,3264
train_1053.jpg,2270.25,526.5,2310.5,710.5,missing,2448,3264
train_1053.jpg,2310.5,526.5,2350.75,710.5,missing,2448,3264
train_1053.jpg,2350.75,526.5,2391.0,710.5,missing,2448,3264
train_1053.jpg,1.79,2276.84,281.78,2445.14,missing,2448,3264
train_1053.jpg,10.97,2636.39,304.73,2917.91,missing,2448,3264
train_1054.jpg,853.0,714.0,1004.0,974.5,missing,2340,4160
train_1054.jpg,1694.0,710.5,1782.0,990.5,missing,2340,4160
train_1054.jpg,2037.0,686.5,2153.0,979.0,missing,2340,4160
train_1054.jpg,1159.0,1125.0,1271.0,1440.0,missing,2340,4160
train_1054.jpg,906.0,1584.5,1101.0,1675.0,missing,2340,4160
train_1054.jpg,474.0,1977.0,572.0,2148.0,missing,2340,4160
train_1054.jpg,538.0,2189.5,663.0,2263.0,missing,2340,4160
train_1054.jpg,303.0,2819.0,437.5,3043.5,missing,2340,4160
train_1054.jpg,2151.58,2299.24,2290.52,2438.18,missing,2340,4160
train_1054.jpg,13.41,2413.32,162.58,2628.3,missing,2340,4160
train_1054.jpg,67.52,2123.74,188.91,2300.7,missing,2340,4160
train_1055.jpg,1148.0,329.5,1265.5,787.0,missing,2448,3264
train_1055.jpg,1265.5,329.5,1383.0,787.0,missing,2448,3264
train_1055.jpg,533.0,1150.0,624.0,1247.0,missing,2448,3264
train_1055.jpg,742.0,1032.5,829.0,1250.5,missing,2448,3264
train_1055.jpg,225.0,1466.0,301.0,1665.5,missing,2448,3264
train_1055.jpg,71.0,1805.5,141.5,1995.0,missing,2448,3264
train_1055.jpg,141.5,1805.5,212.0,1995.0,missing,2448,3264
train_1055.jpg,424.0,1814.0,495.0,2025.5,missing,2448,3264
train_1055.jpg,1241.09,1112.51,1355.84,1338.95,missing,2448,3264
train_1055.jpg,1648.07,1961.66,1755.17,2229.41,missing,2448,3264
train_1055.jpg,1582.28,2333.45,1689.38,2536.94,missing,2448,3264
train_1055.jpg,10.97,2458.91,52.28,2708.3,missing,2448,3264
train_1056.jpg,369.0,1250.0,528.0,1352.5,missing,2340,4160
train_1056.jpg,684.0,1736.5,792.0,1830.5,missing,2340,4160
train_1056.jpg,1753.0,2554.0,1918.0,2664.0,missing,2340,4160
train_1056.jpg,1918.0,2554.0,2083.0,2664.0,missing,2340,4160
train_1056.jpg,160.0,2655.5,240.0,2835.5,missing,2340,4160
train_1056.jpg,1218.0,2585.0,1302.33,2846.0,missing,2340,4160
train_1056.jpg,1893.0,2984.0,2108.0,3056.5,missing,2340,4160
train_1056.jpg,115.78,604.21,354.17,738.76,missing,2340,4160
train_1056.jpg,1787.42,3308.36,1999.48,3556.99,missing,2340,4160
train_1057.jpg,763.0,1258.5,1259.0,1375.0,missing,2336,4160
train_1057.jpg,1570.0,2255.0,1883.0,2375.0,missing,2336,4160
train_1057.jpg,654.0,3715.0,1084.0,3808.0,missing,2336,4160
train_1057.jpg,1098.16,1931.77,1597.48,2124.49,missing,2336,4160
train_1058.jpg,1428.0,1377.5,1490.33,1621.5,missing,2340,4160
train_1058.jpg,1490.33,1377.5,1552.67,1621.5,missing,2340,4160
train_1058.jpg,1552.67,1377.5,1615.0,1621.5,missing,2340,4160
train_1058.jpg,1191.0,2116.0,1294.0,2239.5,missing,2340,4160
train_1058.jpg,1294.0,2116.0,1397.0,2239.5,missing,2340,4160
train_1058.jpg,217.0,2165.0,268.0,2317.0,missing,2340,4160
train_1058.jpg,580.86,2425.02,751.97,2642.93,missing,2340,4160
train_1058.jpg,3.17,2493.75,142.11,2651.7,missing,2340,4160
train_106.jpg,2968.0,1263.0,3045.5,1443.5,missing,3264,2448
train_106.jpg,3045.5,1263.0,3123.0,1443.5,missing,3264,2448
train_1060.jpg,402.0,188.0,511.0,526.0,missing,2448,3264
train_1060.jpg,1434.0,1776.0,1481.0,1931.5,missing,2448,3264
train_1060.jpg,1481.0,1776.0,1528.0,1931.5,missing,2448,3264
train_1060.jpg,1913.0,1747.5,1977.0,1964.0,missing,2448,3264
train_1060.jpg,1263.0,1976.0,1352.0,2188.5,missing,2448,3264
train_1060.jpg,1871.0,1963.0,1974.0,2161.0,missing,2448,3264
train_1060.jpg,1854.0,2304.0,1969.0,2461.0,missing,2448,3264
train_1060.jpg,1625.12,2581.31,1674.08,2864.36,missing,2448,3264
train_1061.jpg,559.0,811.0,671.0,1136.5,missing,2448,3264
train_1061.jpg,415.0,1530.5,490.5,1833.5,missing,2448,3264
train_1061.jpg,490.5,1530.5,566.0,1833.5,missing,2448,3264
train_1061.jpg,1441.0,1881.0,1538.0,2158.0,missing,2448,3264
train_1061.jpg,2231.0,2287.5,2301.0,2531.5,missing,2448,3264
train_1062.jpg,1016.0,571.5,1356.0,655.5,missing,2448,3264
train_1062.jpg,1356.0,571.5,1696.0,655.5,missing,2448,3264
train_1062.jpg,1043.0,649.5,1365.0,731.5,missing,2448,3264
train_1062.jpg,1365.0,649.5,1687.0,731.5,missing,2448,3264
train_1062.jpg,1035.0,736.5,1363.5,815.0,missing,2448,3264
train_1062.jpg,1363.5,736.5,1692.0,815.0,missing,2448,3264
train_1062.jpg,1071.0,958.0,1379.33,1013.5,missing,2448,3264
train_1062.jpg,1379.33,958.0,1687.67,1013.5,missing,2448,3264
train_1062.jpg,1687.67,958.0,1996.0,1013.5,missing,2448,3264
train_1062.jpg,1423.0,1030.5,1746.0,1108.5,missing,2448,3264
train_1062.jpg,304.0,2286.0,648.5,2351.0,missing,2448,3264
train_1062.jpg,648.5,2286.0,993.0,2351.0,missing,2448,3264
train_1062.jpg,1299.0,2278.5,1667.0,2339.0,missing,2448,3264
train_1062.jpg,702.0,2871.5,1068.0,2943.0,missing,2448,3264
train_1063.jpg,1488.0,481.5,1590.67,709.5,missing,2340,4160
train_1063.jpg,1590.67,481.5,1693.33,709.5,missing,2340,4160
train_1063.jpg,1693.33,481.5,1796.0,709.5,missing,2340,4160
train_1063.jpg,789.0,881.0,883.0,1205.0,missing,2340,4160
train_1063.jpg,1283.0,886.5,1402.0,1190.5,missing,2340,4160
train_1063.jpg,578.0,1660.0,723.0,1831.0,missing,2340,4160
train_1063.jpg,619.0,1831.5,735.0,1985.5,missing,2340,4160
train_1063.jpg,1332.0,1691.5,1413.0,1960.5,missing,2340,4160
train_1063.jpg,1826.0,1753.5,1890.0,1936.5,missing,2340,4160
train_1063.jpg,637.0,2245.0,803.0,2409.0,missing,2340,4160
train_1063.jpg,2057.0,2461.5,2220.0,2594.5,missing,2340,4160
train_1063.jpg,2085.0,2616.5,2260.0,2760.5,missing,2340,4160
train_1063.jpg,90.92,914.26,317.61,1196.52,missing,2340,4160
train_1063.jpg,613.03,1355.93,785.61,1550.44,missing,2340,4160
train_1063.jpg,115.78,1353.0,305.91,1554.83,missing,2340,4160
train_1063.jpg,1888.33,1312.05,2112.09,1506.57,missing,2340,4160
train_1063.jpg,2188.14,3046.58,2335.86,3232.31,missing,2340,4160
train_1064.jpg,845.0,489.5,1042.0,578.5,missing,2448,3264
train_1064.jpg,1960.0,638.5,2165.0,853.5,missing,2448,3264
train_1064.jpg,1655.0,966.0,1776.0,1282.5,missing,2448,3264
train_1064.jpg,1776.0,966.0,1897.0,1282.5,missing,2448,3264
train_1064.jpg,286.0,1470.5,388.0,1661.5,missing,2448,3264
train_1064.jpg,1652.0,2072.0,1723.0,2353.5,missing,2448,3264
train_1064.jpg,1723.0,2072.0,1794.0,2353.5,missing,2448,3264
train_1064.jpg,1768.0,2445.0,1837.0,2632.5,missing,2448,3264
train_1064.jpg,291.0,2474.5,389.0,2667.0,missing,2448,3264
train_1064.jpg,389.0,2474.5,487.0,2667.0,missing,2448,3264
train_1064.jpg,1965.0,2699.5,2071.67,2982.5,missing,2448,3264
train_1064.jpg,2071.67,2699.5,2178.33,2982.5,missing,2448,3264
train_1064.jpg,2178.33,2699.5,2285.0,2982.5,missing,2448,3264
train_1064.jpg,2048.93,2451.26,2212.64,2628.74,missing,2448,3264
train_1064.jpg,2214.17,2445.14,2388.59,2642.51,missing,2448,3264
train_1065.jpg,265.0,234.5,310.0,562.5,missing,1920,2560
train_1065.jpg,879.0,210.0,930.0,557.0,missing,1920,2560
train_1065.jpg,1206.0,666.0,1249.0,942.0,missing,1920,2560
train_1065.jpg,1021.0,1163.5,1117.0,1311.0,missing,1920,2560
train_1065.jpg,266.0,1306.0,298.0,1481.0,missing,1920,2560
train_1065.jpg,1307.0,1461.76,1382.6,1710.16,missing,1920,2560
train_1065.jpg,1232.6,1442.56,1297.4,1695.76,missing,1920,2560
train_1065.jpg,1157.0,1430.56,1223.0,1674.16,missing,1920,2560
train_1065.jpg,1087.4,1422.16,1145.0,1665.76,missing,1920,2560
train_1066.jpg,1466.0,35.0,1524.0,318.5,missing,1920,2560
train_1066.jpg,1373.0,1073.5,1474.5,1351.0,missing,1920,2560
train_1066.jpg,1474.5,1073.5,1576.0,1351.0,missing,1920,2560
train_1066.jpg,987.0,1442.0,1082.0,1511.5,missing,1920,2560
train_1066.jpg,1082.0,1442.0,1177.0,1511.5,missing,1920,2560
train_1066.jpg,1097.0,1519.0,1185.0,1586.0,missing,1920,2560
train_1066.jpg,1255.0,1693.0,1393.5,1870.0,missing,1920,2560
train_1066.jpg,1393.5,1693.0,1532.0,1870.0,missing,1920,2560
train_1066.jpg,1477.0,1981.0,1590.0,2110.5,missing,1920,2560
train_1067.jpg,206.0,663.0,243.0,927.5,missing,1920,2560
train_1067.jpg,592.0,703.5,646.0,948.0,missing,1920,2560
train_1067.jpg,983.0,700.0,1014.0,925.0,missing,1920,2560
train_1067.jpg,1188.0,706.5,1221.0,945.5,missing,1920,2560
train_1067.jpg,1429.0,699.5,1468.0,931.5,missing,1920,2560
train_1067.jpg,1544.0,698.5,1570.0,922.5,missing,1920,2560
train_1067.jpg,415.0,1006.0,453.0,1268.0,missing,1920,2560
train_1067.jpg,1143.0,1036.5,1186.0,1236.5,missing,1920,2560
train_1067.jpg,1239.0,1038.0,1279.0,1246.0,missing,1920,2560
train_1067.jpg,1335.0,1026.5,1369.0,1253.0,missing,1920,2560
train_1067.jpg,1405.0,1041.5,1430.5,1252.0,missing,1920,2560
train_1067.jpg,1430.5,1041.5,1456.0,1252.0,missing,1920,2560
train_1067.jpg,436.0,2175.0,783.0,2241.0,missing,1920,2560
train_1067.jpg,3.0,1032.0,36.0,1296.0,missing,1920,2560
train_1067.jpg,1.4,2478.16,194.6,2556.16,missing,1920,2560
train_1068.jpg,732.0,288.5,823.0,458.5,missing,2448,3264
train_1068.jpg,504.0,876.0,601.0,1067.0,missing,2448,3264
train_1068.jpg,310.0,1068.5,383.0,1274.0,missing,2448,3264
train_1068.jpg,704.0,1157.0,806.0,1345.0,missing,2448,3264
train_1068.jpg,1013.0,1159.0,1122.0,1350.0,missing,2448,3264
train_1068.jpg,1796.0,1142.0,1860.0,1362.0,missing,2448,3264
train_1068.jpg,615.0,1482.5,751.5,1659.5,missing,2448,3264
train_1068.jpg,751.5,1482.5,888.0,1659.5,missing,2448,3264
train_1068.jpg,1386.44,2290.61,1533.32,2460.44,missing,2448,3264
train_1069.jpg,2049.0,378.0,2199.0,481.5,missing,2560,1920
train_1069.jpg,1490.0,498.5,1614.0,585.0,missing,2560,1920
train_1069.jpg,2288.0,690.5,2384.0,864.0,missing,2560,1920
train_1069.jpg,2209.0,1225.5,2323.0,1290.5,missing,2560,1920
train_1069.jpg,2210.0,1294.5,2318.0,1357.0,missing,2560,1920
train_1069.jpg,1126.0,1413.0,1221.0,1487.0,missing,2560,1920
train_1069.jpg,2504.0,1453.01,2547.2,1568.21,missing,2560,1920
train_1069.jpg,1251.2,419.41,1331.2,581.01,missing,2560,1920
train_107.jpg,1538.0,1855.0,1581.0,2000.5,missing,1920,2560
train_107.jpg,1014.0,2010.5,1053.0,2157.0,missing,1920,2560
train_107.jpg,149.0,2205.76,260.6,2406.16,missing,1920,2560
train_107.jpg,1567.4,870.16,1615.4,1004.56,missing,1920,2560
train_1070.jpg,178.0,691.0,266.0,893.0,missing,1920,2560
train_1070.jpg,234.0,1004.0,309.0,1220.5,missing,1920,2560
train_1070.jpg,1114.0,1147.0,1196.0,1334.0,missing,1920,2560
train_1070.jpg,1528.0,1591.0,1658.0,1746.0,missing,1920,2560
train_1070.jpg,1114.0,2251.0,1213.0,2522.0,missing,1920,2560
train_1070.jpg,1421.0,1128.16,1526.6,1377.76,missing,1920,2560
train_1070.jpg,1364.6,1917.76,1507.4,2145.76,missing,1920,2560
train_1070.jpg,1427.0,2324.56,1561.4,2553.76,missing,1920,2560
train_1071.jpg,180.0,1263.0,339.0,1490.0,missing,2448,3264
train_1071.jpg,499.0,1205.5,684.0,1499.5,missing,2448,3264
train_1071.jpg,1551.0,1341.5,1650.0,1517.0,missing,2448,3264
train_1071.jpg,1223.0,2378.5,1351.0,2561.5,missing,2448,3264
train_1071.jpg,1351.0,2378.5,1479.0,2561.5,missing,2448,3264
train_1071.jpg,1479.0,2378.5,1607.0,2561.5,missing,2448,3264
train_1071.jpg,419.0,2758.5,569.0,2944.5,missing,2448,3264
train_1072.jpg,1654.0,761.5,1761.0,966.0,missing,2448,3264
train_1072.jpg,2221.0,716.5,2315.0,968.0,missing,2448,3264
train_1072.jpg,578.0,1068.5,754.0,1246.5,missing,2448,3264
train_1072.jpg,751.0,2310.5,862.5,2485.5,missing,2448,3264
train_1072.jpg,862.5,2310.5,974.0,2485.5,missing,2448,3264
train_1072.jpg,2084.0,2318.5,2177.0,2458.0,missing,2448,3264
train_1072.jpg,904.0,2556.5,976.5,2820.0,missing,2448,3264
train_1072.jpg,976.5,2556.5,1049.0,2820.0,missing,2448,3264
train_1072.jpg,1261.0,2566.5,1328.0,2801.5,missing,2448,3264
train_1072.jpg,1.79,1058.96,156.32,1239.5,missing,2448,3264
train_1072.jpg,93.59,1579.16,223.64,1756.64,missing,2448,3264
train_1073.jpg,960.0,333.0,1113.5,827.0,missing,2448,3264
train_1073.jpg,1113.5,333.0,1267.0,827.0,missing,2448,3264
train_1073.jpg,1980.0,877.5,2154.0,1169.0,missing,2448,3264
train_1073.jpg,1511.0,1596.0,1618.0,1794.5,missing,2448,3264
train_1073.jpg,1741.0,1588.0,1832.0,1793.5,missing,2448,3264
train_1073.jpg,713.0,2588.0,844.5,2727.5,missing,2448,3264
train_1073.jpg,844.5,2588.0,976.0,2727.5,missing,2448,3264
train_1073.jpg,1912.0,2187.0,1974.0,2387.0,missing,2448,3264
train_1073.jpg,1945.0,2485.0,2056.0,2714.0,missing,2448,3264
train_1073.jpg,2136.14,1381.79,2374.82,1970.84,missing,2448,3264
train_1073.jpg,2087.18,2483.39,2255.48,2735.84,missing,2448,3264
train_1073.jpg,2270.78,2494.1,2442.14,2819.99,missing,2448,3264
train_1074.jpg,787.0,576.5,837.0,692.0,missing,3264,2448
train_1074.jpg,2409.0,753.0,2483.0,928.5,missing,3264,2448
train_1074.jpg,889.0,1389.5,939.0,1491.5,missing,3264,2448
train_1075.jpg,1953.0,343.0,2029.0,558.0,missing,2448,3264
train_1075.jpg,2091.0,665.5,2219.0,948.0,missing,2448,3264
train_1075.jpg,1800.0,1027.0,1852.0,1261.5,missing,2448,3264
train_1075.jpg,433.0,2639.0,508.0,2839.0,missing,2448,3264
train_1076.jpg,602.0,157.0,703.0,354.5,missing,1920,2560
train_1076.jpg,1489.0,1926.5,1587.0,2084.5,missing,1920,2560
train_1077.jpg,587.0,1705.0,794.0,1859.5,missing,2336,4160
train_1077.jpg,1107.0,2553.0,1251.0,2703.5,missing,2336,4160
train_1077.jpg,1161.0,2709.0,1292.5,2846.5,missing,2336,4160
train_1077.jpg,1292.5,2709.0,1424.0,2846.5,missing,2336,4160
train_1077.jpg,2175.0,1482.0,2340.0,1651.0,missing,2336,4160
train_1078.jpg,2030.0,1209.5,2105.0,1390.5,missing,2448,3264
train_1078.jpg,2006.0,1522.0,2140.0,1721.5,missing,2448,3264
train_1078.jpg,569.0,1809.5,722.0,2010.0,missing,2448,3264
train_1078.jpg,498.0,2153.5,552.0,2311.0,missing,2448,3264
train_1078.jpg,552.0,2153.5,606.0,2311.0,missing,2448,3264
train_1078.jpg,1618.0,2146.0,1673.0,2291.0,missing,2448,3264
train_1079.jpg,257.0,405.0,307.0,670.5,missing,1920,2560
train_1079.jpg,1683.0,831.0,1768.0,942.5,missing,1920,2560
train_1079.jpg,334.0,909.0,416.0,1049.5,missing,1920,2560
train_1079.jpg,1285.0,1090.5,1359.0,1295.0,missing,1920,2560
train_1079.jpg,363.0,1174.0,436.5,1397.0,missing,1920,2560
train_1079.jpg,436.5,1174.0,510.0,1397.0,missing,1920,2560
train_1079.jpg,1337.0,1372.5,1465.0,1554.0,missing,1920,2560
train_1079.jpg,888.0,1440.5,1031.0,1605.0,missing,1920,2560
train_1079.jpg,1031.0,1440.5,1174.0,1605.0,missing,1920,2560
train_1079.jpg,171.0,1800.0,287.0,1845.5,missing,1920,2560
train_1079.jpg,287.0,1800.0,403.0,1845.5,missing,1920,2560
train_1079.jpg,1571.0,1070.56,1874.6,1248.16,missing,1920,2560
train_1079.jpg,1855.4,1332.16,1916.6,1479.76,missing,1920,2560
train_1079.jpg,469.4,2244.16,686.6,2450.56,missing,1920,2560
train_1079.jpg,1501.4,2013.76,1567.4,2217.76,missing,1920,2560
train_108.jpg,2258.0,1537.0,2464.0,1683.0,missing,2448,3264
train_1081.jpg,1972.0,1430.0,2108.5,1524.5,missing,2448,3264
train_1081.jpg,2108.5,1430.0,2245.0,1524.5,missing,2448,3264
train_1081.jpg,1799.0,1618.0,1909.0,1845.0,missing,2448,3264
train_1081.jpg,307.0,2249.0,372.0,2382.5,missing,2448,3264
train_1081.jpg,822.0,2218.0,878.0,2372.0,missing,2448,3264
train_1081.jpg,706.0,2538.0,805.0,2894.0,missing,2448,3264
train_1081.jpg,1404.0,2475.0,1517.0,2900.0,missing,2448,3264
train_1082.jpg,1683.25,37.5,1914.5,101.0,missing,3120,4160
train_1082.jpg,1914.5,37.5,2145.75,101.0,missing,3120,4160
train_1082.jpg,2576.0,336.5,2619.0,385.0,missing,3120,4160
train_1082.jpg,1224.0,3327.0,1750.0,3407.0,missing,3120,4160
train_1082.jpg,1227.75,3365.5,1410.5,3523.0,missing,3120,4160
train_1083.jpg,1124.0,836.5,1230.0,1188.0,missing,2322,4128
train_1083.jpg,1432.0,844.5,1560.5,1188.5,missing,2322,4128
train_1083.jpg,1560.5,844.5,1689.0,1188.5,missing,2322,4128
train_1083.jpg,673.0,1416.0,770.5,1572.0,missing,2322,4128
train_1083.jpg,770.5,1416.0,868.0,1572.0,missing,2322,4128
train_1083.jpg,1847.0,1296.5,1936.0,1577.5,missing,2322,4128
train_1083.jpg,568.0,1685.5,660.0,1944.5,missing,2322,4128
train_1083.jpg,1133.0,1629.5,1230.0,1947.0,missing,2322,4128
train_1083.jpg,197.0,2851.5,284.0,3082.5,missing,2322,4128
train_1084.jpg,494.0,548.0,588.0,937.0,missing,2448,3264
train_1084.jpg,2046.0,1013.5,2197.0,1280.0,missing,2448,3264
train_1084.jpg,124.19,1074.26,240.47,1338.95,missing,2448,3264
train_1084.jpg,36.98,1045.19,121.13,1334.36,missing,2448,3264
train_1085.jpg,1357.0,1746.0,1479.5,1846.0,missing,1920,2560
train_1085.jpg,1479.5,1746.0,1602.0,1846.0,missing,1920,2560
train_1085.jpg,1349.0,1855.5,1482.5,1948.0,missing,1920,2560
train_1085.jpg,1482.5,1855.5,1616.0,1948.0,missing,1920,2560
train_1085.jpg,1759.4,2085.76,1913.0,2379.76,missing,1920,2560
train_1086.jpg,1682.0,1816.0,1741.0,2098.0,missing,2336,4160
train_1086.jpg,1877.0,1826.0,1929.0,2098.5,missing,2336,4160
train_1086.jpg,2089.0,2247.5,2130.0,2517.0,missing,2336,4160
train_1086.jpg,1426.66,2499.71,1485.06,2708.49,missing,2336,4160
train_1087.jpg,1233.0,1544.5,1312.0,1690.0,missing,1920,2560
train_1088.jpg,918.0,1058.5,1004.0,1446.5,missing,3120,4208
train_1088.jpg,1081.0,1071.5,1129.0,1457.5,missing,3120,4208
train_1088.jpg,2908.0,1563.0,2944.0,1933.0,missing,3120,4208
train_1088.jpg,570.0,2690.5,598.0,3019.5,missing,3120,4208
train_1088.jpg,1591.53,2077.01,1675.38,2457.26,missing,3120,4208
train_1088.jpg,1304.88,3607.76,1603.23,3816.41,missing,3120,4208
train_109.jpg,823.0,1304.5,921.0,1533.5,missing,1920,2560
train_109.jpg,1826.6,2330.56,1913.0,2553.76,missing,1920,2560
train_1091.jpg,181.0,428.5,352.0,752.0,missing,2448,3264
train_1091.jpg,352.0,1307.0,477.0,1410.0,missing,2448,3264
train_1091.jpg,590.0,1439.5,704.0,1589.0,missing,2448,3264
train_1091.jpg,249.0,1681.0,410.0,1841.5,missing,2448,3264
train_1091.jpg,410.0,1681.0,571.0,1841.5,missing,2448,3264
train_1091.jpg,757.0,1652.0,939.0,1815.5,missing,2448,3264
train_1091.jpg,2131.0,2168.5,2192.0,2298.0,missing,2448,3264
train_1091.jpg,2206.52,2650.16,2428.37,2917.91,missing,2448,3264
train_1092.jpg,600.0,2603.0,685.0,2833.5,missing,3120,4208
train_1092.jpg,2207.73,2199.86,2295.48,2472.86,missing,3120,4208
train_1094.jpg,1460.0,1.5,1545.0,272.5,missing,2448,3264
train_1094.jpg,1204.0,428.0,1281.0,711.0,missing,2448,3264
train_1094.jpg,2225.0,915.0,2348.0,1045.0,missing,2448,3264
train_1094.jpg,1888.28,1280.81,1980.08,1580.69,missing,2448,3264
train_1095.jpg,538.0,269.0,641.0,646.5,missing,2448,3264
train_1095.jpg,641.0,269.0,744.0,646.5,missing,2448,3264
train_1095.jpg,1767.0,341.5,1874.0,698.0,missing,2448,3264
train_1095.jpg,1874.0,341.5,1981.0,698.0,missing,2448,3264
train_1095.jpg,256.0,1148.0,380.0,1491.0,missing,2448,3264
train_1095.jpg,380.0,1148.0,504.0,1491.0,missing,2448,3264
train_1095.jpg,1019.0,1163.0,1146.0,1509.0,missing,2448,3264
train_1095.jpg,1146.0,1163.0,1273.0,1509.0,missing,2448,3264
train_1095.jpg,539.0,1579.5,619.0,1875.0,missing,2448,3264
train_1095.jpg,1185.0,2410.5,1338.0,2602.5,missing,2448,3264
train_1095.jpg,406.0,2877.5,512.0,2985.5,missing,2448,3264
train_1095.jpg,512.0,2877.5,618.0,2985.5,missing,2448,3264
train_1095.jpg,618.0,2877.5,724.0,2985.5,missing,2448,3264
train_1095.jpg,1429.0,2835.0,1533.0,2971.0,missing,2448,3264
train_1095.jpg,1533.0,2835.0,1637.0,2971.0,missing,2448,3264
train_1096.jpg,899.0,919.0,986.0,1169.5,missing,2448,3264
train_1096.jpg,1317.0,898.0,1415.0,1166.0,missing,2448,3264
train_1096.jpg,1671.0,872.0,1817.0,1184.0,missing,2448,3264
train_1096.jpg,2104.0,832.0,2236.0,1212.0,missing,2448,3264
train_1096.jpg,1914.0,1374.5,2000.0,1566.0,missing,2448,3264
train_1096.jpg,828.0,1682.0,880.0,1817.0,missing,2448,3264
train_1096.jpg,88.0,2130.0,244.0,2261.5,missing,2448,3264
train_1096.jpg,729.0,2228.0,828.0,2396.5,missing,2448,3264
train_1096.jpg,828.0,2228.0,927.0,2396.5,missing,2448,3264
train_1096.jpg,454.0,2403.0,509.0,2577.5,missing,2448,3264
train_1096.jpg,2050.0,2864.0,2204.0,3155.5,missing,2448,3264
train_1096.jpg,2016.0,1288.0,2107.0,1355.0,missing,2448,3264
train_1096.jpg,1222.73,2413.01,1391.03,2611.91,missing,2448,3264
train_1097.jpg,1291.0,529.5,1319.0,662.0,missing,2560,1920
train_1097.jpg,1388.0,945.0,1425.0,1059.5,missing,2560,1920
train_1097.jpg,947.2,1387.41,984.0,1491.41,missing,2560,1920
train_1097.jpg,203.2,1459.41,331.2,1629.01,missing,2560,1920
train_1097.jpg,1435.2,1096.21,1452.8,1208.21,missing,2560,1920
train_1098.jpg,546.0,1018.0,668.0,1190.0,missing,2340,4160
train_1098.jpg,2079.67,1342.0,2235.0,1479.0,missing,2340,4160
train_1098.jpg,1362.0,1263.0,1454.0,1564.0,missing,2340,4160
train_1098.jpg,614.0,1915.5,772.0,2012.5,missing,2340,4160
train_1098.jpg,1119.0,1921.5,1238.0,2025.5,missing,2340,4160
train_1098.jpg,1658.75,2232.5,1724.5,2307.5,missing,2340,4160
train_1098.jpg,404.25,2279.5,464.0,2450.0,missing,2340,4160
train_1098.jpg,1914.0,2938.0,1970.0,3067.0,missing,2340,4160
train_1098.jpg,395.0,3199.5,491.0,3349.5,missing,2340,4160
train_1098.jpg,857.0,3162.0,983.0,3355.0,missing,2340,4160
train_1098.jpg,1343.0,3159.5,1427.0,3354.5,missing,2340,4160
train_1098.jpg,1985.0,3209.5,2055.0,3373.5,missing,2340,4160
train_1098.jpg,1987.78,1019.56,2109.17,1206.76,missing,2340,4160
train_1098.jpg,25.11,2215.88,130.41,2445.49,missing,2340,4160
train_1099.jpg,1843.0,1533.5,2252.0,1601.5,missing,3264,2448
train_1099.jpg,686.0,1655.5,867.0,1740.0,missing,3264,2448
train_1099.jpg,1086.5,1871.0,1417.0,1949.5,missing,3264,2448
train_1099.jpg,2998.8,1877.07,3145.68,2111.67,missing,3264,2448
train_11.jpg,1559.0,1130.5,1609.0,1235.0,missing,2340,4160
train_11.jpg,1734.5,1364.5,1815.0,1597.5,missing,2340,4160
train_11.jpg,2081.0,1692.0,2170.0,1887.0,missing,2340,4160
train_11.jpg,1168.78,2620.99,1351.59,2847.68,missing,2340,4160
train_1100.jpg,1176.0,222.5,1480.0,508.0,missing,4128,3096
train_1100.jpg,1480.0,222.5,1784.0,508.0,missing,4128,3096
train_1100.jpg,1784.0,222.5,2088.0,508.0,missing,4128,3096
train_1100.jpg,1225.0,516.5,1515.0,720.0,missing,4128,3096
train_1100.jpg,1515.0,516.5,1805.0,720.0,missing,4128,3096
train_1100.jpg,1805.0,516.5,2095.0,720.0,missing,4128,3096
train_1100.jpg,2455.0,2398.5,2695.0,2489.5,missing,4128,3096
train_1101.jpg,233.0,473.5,269.0,682.5,missing,3264,2448
train_1101.jpg,122.0,1321.0,238.0,1502.0,missing,3264,2448
train_1101.jpg,422.0,1318.0,502.0,1520.0,missing,3264,2448
train_1101.jpg,502.0,1318.0,582.0,1520.0,missing,3264,2448
train_1101.jpg,713.0,1359.0,776.0,1548.5,missing,3264,2448
train_1101.jpg,1367.0,1600.5,1469.0,1747.5,missing,3264,2448
train_1101.jpg,1816.0,1994.5,1860.0,2038.0,missing,3264,2448
train_1101.jpg,2092.0,1995.0,2132.0,2043.0,missing,3264,2448
train_1101.jpg,2351.0,1858.5,2402.0,2042.5,missing,3264,2448
train_1101.jpg,942.48,1611.87,1046.52,1740.39,missing,3264,2448
train_1102.jpg,148.0,495.0,230.5,752.0,missing,1920,2560
train_1102.jpg,230.5,495.0,313.0,752.0,missing,1920,2560
train_1102.jpg,1007.0,2066.0,1114.0,2357.5,missing,1920,2560
train_1103.jpg,450.0,127.5,535.5,690.0,missing,2448,3264
train_1103.jpg,535.5,127.5,621.0,690.0,missing,2448,3264
train_1103.jpg,1346.0,961.0,1409.0,1088.5,missing,2448,3264
train_1103.jpg,1323.0,1093.5,1392.0,1204.5,missing,2448,3264
train_1103.jpg,1172.0,1494.5,1333.0,1628.0,missing,2448,3264
train_1103.jpg,1333.0,1494.5,1494.0,1628.0,missing,2448,3264
train_1103.jpg,651.0,1701.5,761.0,1819.0,missing,2448,3264
train_1103.jpg,913.0,1701.0,1068.0,1822.0,missing,2448,3264
train_1103.jpg,996.0,2081.5,1124.0,2213.0,missing,2448,3264
train_1103.jpg,738.0,2355.0,839.0,2496.0,missing,2448,3264
train_1103.jpg,1584.0,290.0,1693.0,703.0,missing,2448,3264
train_1103.jpg,1770.47,1924.94,1999.97,2065.7,missing,2448,3264
train_1104.jpg,1625.0,90.0,1832.0,482.5,missing,2448,3264
train_1104.jpg,1644.0,1155.5,1792.0,1266.0,missing,2448,3264
train_1104.jpg,830.0,1245.5,1014.0,1364.5,missing,2448,3264
train_1104.jpg,1014.0,1245.5,1198.0,1364.5,missing,2448,3264
train_1104.jpg,1991.0,1327.5,2141.0,1496.0,missing,2448,3264
train_1104.jpg,1656.0,1584.5,1793.5,1637.0,missing,2448,3264
train_1104.jpg,1793.5,1584.5,1931.0,1637.0,missing,2448,3264
train_1104.jpg,690.0,1577.0,827.0,1707.0,missing,2448,3264
train_1104.jpg,827.0,1577.0,964.0,1707.0,missing,2448,3264
train_1104.jpg,812.5,1587.0,960.25,1739.5,missing,2448,3264
train_1104.jpg,2107.0,1642.0,2301.0,1743.0,missing,2448,3264
train_1104.jpg,2201.5,2113.5,2268.75,2181.5,missing,2448,3264
train_1104.jpg,2268.75,2113.5,2336.0,2181.5,missing,2448,3264
train_1104.jpg,1991.0,2341.0,2061.0,2413.0,missing,2448,3264
train_1104.jpg,2061.0,2341.0,2131.0,2413.0,missing,2448,3264
train_1104.jpg,2131.0,2341.0,2201.0,2413.0,missing,2448,3264
train_1104.jpg,1073.0,2512.5,1098.0,2539.5,missing,2448,3264
train_1104.jpg,1179.0,2517.5,1198.0,2549.0,missing,2448,3264
train_1104.jpg,1517.0,2647.5,1547.0,2691.5,missing,2448,3264
train_1104.jpg,1845.0,2727.5,1872.0,2763.0,missing,2448,3264
train_1104.jpg,1513.0,2750.0,1547.0,2785.0,missing,2448,3264
train_1104.jpg,1194.0,2790.0,1228.0,2826.0,missing,2448,3264
train_1104.jpg,1505.0,2795.0,1542.0,2827.5,missing,2448,3264
train_1104.jpg,1832.0,2780.0,1872.0,2817.0,missing,2448,3264
train_1104.jpg,1492.0,2842.5,1532.0,2871.5,missing,2448,3264
train_1104.jpg,1815.0,2845.0,1848.5,2886.0,missing,2448,3264
train_1104.jpg,1848.5,2845.0,1882.0,2886.0,missing,2448,3264
train_1104.jpg,1919.0,2837.5,1946.0,2886.0,missing,2448,3264
train_1104.jpg,1314.0,2875.0,1338.0,2904.5,missing,2448,3264
train_1104.jpg,1487.0,2885.0,1519.5,2909.0,missing,2448,3264
train_1104.jpg,1519.5,2885.0,1552.0,2909.0,missing,2448,3264
train_1104.jpg,1833.25,2890.5,1874.0,2914.5,missing,2448,3264
train_1104.jpg,1915.0,2890.5,1941.0,2912.5,missing,2448,3264
train_1104.jpg,2174.0,2885.0,2206.0,2931.5,missing,2448,3264
train_1104.jpg,1264.0,2910.0,1298.0,2951.5,missing,2448,3264
train_1104.jpg,1377.0,2927.5,1412.0,2964.5,missing,2448,3264
train_1104.jpg,1906.0,2920.0,1931.0,2956.0,missing,2448,3264
train_1104.jpg,1512.0,2935.0,1552.0,2979.0,missing,2448,3264
train_1104.jpg,2174.0,2930.0,2215.0,2956.0,missing,2448,3264
train_1105.jpg,497.0,1256.5,564.0,1482.0,missing,2448,3264
train_1105.jpg,2166.0,1643.0,2331.0,1958.5,missing,2448,3264
train_1105.jpg,1380.0,2441.0,1442.0,2612.5,missing,2448,3264
train_1105.jpg,760.0,2560.0,888.0,2845.0,missing,2448,3264
train_1105.jpg,1909.5,2493.5,2016.0,2805.0,missing,2448,3264
train_1106.jpg,1585.0,1126.0,1837.5,1326.0,missing,3120,4160
train_1106.jpg,1837.5,1126.0,2090.0,1326.0,missing,3120,4160
train_1106.jpg,1508.0,1498.5,1804.0,1690.5,missing,3120,4160
train_1106.jpg,1804.0,1498.5,2100.0,1690.5,missing,3120,4160
train_1106.jpg,2087.0,1795.5,2368.0,1926.5,missing,3120,4160
train_1106.jpg,2368.0,1795.5,2649.0,1926.5,missing,3120,4160
train_1106.jpg,1222.0,1902.5,1511.0,2089.5,missing,3120,4160
train_1106.jpg,1763.5,2778.0,1970.0,3033.0,missing,3120,4160
train_1106.jpg,1755.5,3040.5,1955.0,3283.5,missing,3120,4160
train_1106.jpg,2723.0,3015.5,2953.0,3301.5,missing,3120,4160
train_1106.jpg,2335.0,3371.5,2574.0,3579.5,missing,3120,4160
train_1106.jpg,1387.5,3626.0,1608.25,3835.0,missing,3120,4160
train_1106.jpg,1608.25,3626.0,1829.0,3835.0,missing,3120,4160
train_1106.jpg,2981.88,1170.26,3118.38,1378.91,missing,3120,4160
train_1106.jpg,21.78,1283.36,359.13,1556.36,missing,3120,4160
train_1107.jpg,1843.0,755.5,2000.0,952.5,missing,2336,4160
train_1107.jpg,496.0,2859.0,643.0,3010.5,missing,2336,4160
train_1108.jpg,2213.0,336.5,2239.0,526.5,missing,2448,3264
train_1108.jpg,1207.0,528.0,1259.0,756.5,missing,2448,3264
train_1108.jpg,1572.0,1112.0,1677.5,1234.5,missing,2448,3264
train_1108.jpg,1677.5,1112.0,1783.0,1234.5,missing,2448,3264
train_1108.jpg,1240.0,1320.0,1428.0,1452.5,missing,2448,3264
train_1108.jpg,2230.0,1450.0,2348.0,1585.5,missing,2448,3264
train_1108.jpg,1255.0,1733.0,1319.0,1864.0,missing,2448,3264
train_1108.jpg,1509.67,2081.0,1602.0,2297.5,missing,2448,3264
train_1108.jpg,2290.67,599.96,2367.17,798.86,missing,2448,3264
train_1109.jpg,1642.0,1235.5,1697.0,1475.5,missing,1920,2560
train_111.jpg,871.0,1440.5,923.0,1612.0,missing,2448,3264
train_111.jpg,1110.0,1461.0,1178.0,1624.5,missing,2448,3264
train_111.jpg,1652.0,2049.5,1707.0,2211.0,missing,2448,3264
train_1110.jpg,1801.0,2728.0,1931.0,2794.5,missing,2448,3264
train_1110.jpg,1971.33,2969.0,2081.67,3061.5,missing,2448,3264
train_1110.jpg,2081.67,2969.0,2192.0,3061.5,missing,2448,3264
train_1111.jpg,1832.0,1033.0,1902.0,1278.5,missing,2336,4160
train_1111.jpg,430.0,1082.0,496.0,1530.0,missing,2336,4160
train_1111.jpg,795.0,1095.5,865.0,1533.0,missing,2336,4160
train_1111.jpg,944.0,1081.0,999.0,1517.0,missing,2336,4160
train_1111.jpg,926.0,2071.0,980.0,2525.5,missing,2336,4160
train_1111.jpg,1194.0,3203.0,1328.33,3451.0,missing,2336,4160
train_1111.jpg,1139.0,3593.5,1231.0,3767.0,missing,2336,4160
train_1111.jpg,1834.0,3673.0,1896.0,3794.5,missing,2336,4160
train_1111.jpg,1074.8,423.59,1214.96,953.57,missing,2336,4160
train_1111.jpg,1308.4,397.31,1454.4,890.79,missing,2336,4160
train_1111.jpg,1093.78,1613.49,1232.48,2029.59,missing,2336,4160
train_1113.jpg,790.0,0.0,902.0,191.0,missing,3264,2448
train_1113.jpg,1248.0,0.0,1301.0,183.5,missing,3264,2448
train_1113.jpg,1659.0,0.0,1736.33,170.5,missing,3264,2448
train_1113.jpg,1736.33,0.0,1813.67,170.5,missing,3264,2448
train_1113.jpg,1813.67,0.0,1891.0,170.5,missing,3264,2448
train_1113.jpg,1673.0,227.5,1761.0,322.5,missing,3264,2448
train_1113.jpg,1670.0,333.0,1767.0,534.0,missing,3264,2448
train_1113.jpg,866.0,697.0,963.0,908.5,missing,3264,2448
train_1113.jpg,1644.0,1316.5,1732.0,1472.0,missing,3264,2448
train_1113.jpg,1732.0,1316.5,1820.0,1472.0,missing,3264,2448
train_1113.jpg,2116.0,1328.5,2260.0,1479.5,missing,3264,2448
train_1113.jpg,2721.0,1303.0,2824.0,1463.5,missing,3264,2448
train_1113.jpg,185.0,1580.5,287.5,1799.0,missing,3264,2448
train_1113.jpg,287.5,1580.5,390.0,1799.0,missing,3264,2448
train_1113.jpg,1356.0,1574.5,1473.0,1815.5,missing,3264,2448
train_1113.jpg,1679.0,1591.0,1770.0,1822.5,missing,3264,2448
train_1113.jpg,2005.0,1558.5,2104.5,1821.5,missing,3264,2448
train_1113.jpg,2104.5,1558.5,2204.0,1821.5,missing,3264,2448
train_1113.jpg,128.52,14.55,330.48,208.35,missing,3264,2448
train_1113.jpg,1071.0,1632.27,1203.6,1815.87,missing,3264,2448
train_1113.jpg,932.28,1632.27,1060.8,1821.99,missing,3264,2448
train_1114.jpg,147.0,928.0,190.0,1069.5,missing,1920,2560
train_1114.jpg,190.0,928.0,233.0,1069.5,missing,1920,2560
train_1114.jpg,887.0,853.0,912.0,1117.5,missing,1920,2560
train_1114.jpg,967.0,853.0,1003.0,1113.5,missing,1920,2560
train_1114.jpg,1231.0,859.5,1258.0,1103.5,missing,1920,2560
train_1114.jpg,1483.0,775.0,1517.0,1038.5,missing,1920,2560
train_1114.jpg,1605.0,795.0,1631.0,1045.5,missing,1920,2560
train_1114.jpg,1820.0,781.5,1860.0,1043.0,missing,1920,2560
train_1114.jpg,1503.0,1105.5,1541.0,1334.0,missing,1920,2560
train_1114.jpg,1642.0,1094.5,1709.0,1342.5,missing,1920,2560
train_1114.jpg,1512.0,1435.0,1535.5,1635.5,missing,1920,2560
train_1114.jpg,1535.5,1435.0,1559.0,1635.5,missing,1920,2560
train_1114.jpg,1522.0,1732.5,1568.67,1909.0,missing,1920,2560
train_1114.jpg,1568.67,1732.5,1615.33,1909.0,missing,1920,2560
train_1114.jpg,1615.33,1732.5,1662.0,1909.0,missing,1920,2560
train_1115.jpg,1040.0,772.0,1228.5,930.5,missing,3024,4032
train_1115.jpg,1228.5,772.0,1417.0,930.5,missing,3024,4032
train_1115.jpg,1049.0,932.0,1233.0,1056.0,missing,3024,4032
train_1115.jpg,1233.0,932.0,1417.0,1056.0,missing,3024,4032
train_1115.jpg,160.0,3230.5,336.0,3384.5,missing,3024,4032
train_1115.jpg,336.0,3230.5,512.0,3384.5,missing,3024,4032
train_1116.jpg,68.0,2314.0,157.0,2426.0,missing,2336,4160
train_1117.jpg,697.0,1048.5,848.0,1261.5,missing,2448,3264
train_1117.jpg,834.0,1715.5,894.0,1810.0,missing,2448,3264
train_1117.jpg,689.0,2020.0,760.5,2169.5,missing,2448,3264
train_1117.jpg,760.5,2020.0,832.0,2169.5,missing,2448,3264
train_1117.jpg,1465.0,2370.0,1549.0,2628.0,missing,2448,3264
train_1118.jpg,1912.0,77.5,1976.0,257.5,missing,2560,1920
train_1118.jpg,554.0,201.5,626.5,295.5,missing,2560,1920
train_1118.jpg,626.5,201.5,699.0,295.5,missing,2560,1920
train_1118.jpg,699.0,201.5,771.5,295.5,missing,2560,1920
train_1118.jpg,771.5,201.5,844.0,295.5,missing,2560,1920
train_1118.jpg,598.0,356.0,632.0,434.5,missing,2560,1920
train_1118.jpg,632.0,356.0,666.0,434.5,missing,2560,1920
train_1118.jpg,666.0,356.0,700.0,434.5,missing,2560,1920
train_1118.jpg,836.0,362.5,866.0,424.0,missing,2560,1920
train_1118.jpg,888.0,366.0,915.0,426.5,missing,2560,1920
train_1118.jpg,1193.0,338.5,1302.0,483.0,missing,2560,1920
train_1118.jpg,872.0,695.0,918.0,750.5,missing,2560,1920
train_1118.jpg,918.0,695.0,964.0,750.5,missing,2560,1920
train_1118.jpg,704.0,788.5,760.33,859.0,missing,2560,1920
train_1118.jpg,867.0,829.5,919.75,910.5,missing,2560,1920
train_1118.jpg,2023.67,1391.0,2104.0,1526.5,missing,2560,1920
train_1118.jpg,1405.5,1477.5,1486.0,1600.5,missing,2560,1920
train_1118.jpg,1601.0,1590.5,1675.0,1726.5,missing,2560,1920
train_1118.jpg,637.0,511.0,701.0,582.0,missing,2560,1920
train_1118.jpg,387.2,805.01,424.0,893.01,missing,2560,1920
train_1118.jpg,1064.0,968.21,1160.0,1080.21,missing,2560,1920
train_1119.jpg,1600.0,355.0,1695.5,687.0,missing,2448,3264
train_1119.jpg,1309.0,727.0,1393.0,1022.0,missing,2448,3264
train_1119.jpg,348.0,1701.0,418.33,1932.0,missing,2448,3264
train_1119.jpg,508.22,1709.21,577.07,1938.71,missing,2448,3264
train_112.jpg,434.0,1258.0,597.0,1366.5,missing,1920,2560
train_112.jpg,597.0,1258.0,760.0,1366.5,missing,1920,2560
train_1120.jpg,175.0,694.5,290.5,943.5,missing,3264,2448
train_1120.jpg,290.5,694.5,406.0,943.5,missing,3264,2448
train_1120.jpg,1702.0,667.5,1801.0,948.0,missing,3264,2448
train_1120.jpg,1801.0,667.5,1900.0,948.0,missing,3264,2448
train_1120.jpg,2936.0,628.5,3083.0,930.0,missing,3264,2448
train_1120.jpg,109.0,2038.5,175.0,2173.5,missing,3264,2448
train_1120.jpg,1874.0,2047.0,1986.0,2231.5,missing,3264,2448
train_1120.jpg,2138.0,2067.0,2293.0,2244.5,missing,3264,2448
train_1120.jpg,2759.0,2064.0,2890.0,2244.0,missing,3264,2448
train_1120.jpg,121.0,2308.0,281.0,2448.0,missing,3264,2448
train_1120.jpg,871.0,2313.5,940.0,2423.5,missing,3264,2448
train_1120.jpg,1114.0,2305.5,1181.0,2402.5,missing,3264,2448
train_1120.jpg,1330.0,2305.0,1445.0,2449.5,missing,3264,2448
train_1120.jpg,1674.0,2333.5,1778.0,2446.0,missing,3264,2448
train_1120.jpg,2013.0,2320.5,2120.0,2448.5,missing,3264,2448
train_1120.jpg,2120.0,2320.5,2227.0,2448.5,missing,3264,2448
train_1120.jpg,342.72,1846.47,536.52,1993.35,missing,3264,2448
train_1120.jpg,1652.4,2111.67,1829.88,2250.39,missing,3264,2448
train_1121.jpg,1520.0,1419.5,1560.0,1583.0,missing,1920,2560
train_1121.jpg,111.0,1629.0,161.0,1727.5,missing,1920,2560
train_1121.jpg,263.0,1601.0,307.0,1719.5,missing,1920,2560
train_1121.jpg,923.0,1636.0,984.0,1790.5,missing,1920,2560
train_1121.jpg,68.0,601.0,136.0,714.0,missing,1920,2560
train_1121.jpg,1412.6,2018.56,1505.0,2184.16,missing,1920,2560
train_1122.jpg,1964.0,982.0,2093.0,1348.5,missing,2340,4160
train_1122.jpg,122.0,2690.0,216.0,2919.5,missing,2340,4160
train_1122.jpg,2048.0,3438.0,2175.0,3622.5,missing,2340,4160
train_1123.jpg,512.0,267.0,976.0,385.5,missing,3120,4208
train_1123.jpg,2117.0,395.5,2568.0,503.5,missing,3120,4208
train_1123.jpg,1642.0,1554.5,2203.0,1666.0,missing,3120,4208
train_1123.jpg,2328.0,1999.0,2563.0,2095.0,missing,3120,4208
train_1124.jpg,928.0,178.0,1152.0,319.0,missing,3120,4208
train_1125.jpg,2098.0,705.5,2208.0,991.5,missing,2448,3264
train_1125.jpg,882.0,1337.0,983.0,1576.5,missing,2448,3264
train_1125.jpg,1336.0,1704.5,1407.0,1970.5,missing,2448,3264
train_1125.jpg,1830.0,1664.5,1915.0,1919.5,missing,2448,3264
train_1125.jpg,1333.0,2635.5,1407.0,2965.5,missing,2448,3264
train_1125.jpg,1827.0,2554.5,1908.0,2872.0,missing,2448,3264
train_1125.jpg,387.0,1827.0,470.0,2082.0,missing,2448,3264
train_1126.jpg,1499.0,417.0,1640.67,609.5,missing,2448,3264
train_1126.jpg,1640.67,417.0,1782.33,609.5,missing,2448,3264
train_1126.jpg,1782.33,417.0,1924.0,609.5,missing,2448,3264
train_1126.jpg,555.0,1375.0,654.0,1631.0,missing,2448,3264
train_1126.jpg,654.0,1375.0,753.0,1631.0,missing,2448,3264
train_1126.jpg,1150.0,1253.5,1313.0,1624.0,missing,2448,3264
train_1126.jpg,96.0,1916.5,212.0,2082.0,missing,2448,3264
train_1126.jpg,212.0,1916.5,328.0,2082.0,missing,2448,3264
train_1126.jpg,328.0,1916.5,444.0,2082.0,missing,2448,3264
train_1126.jpg,1795.0,1830.0,1938.0,2063.0,missing,2448,3264
train_1126.jpg,304.0,2627.0,375.0,2929.0,missing,2448,3264
train_1126.jpg,1754.0,2604.5,1841.67,2899.0,missing,2448,3264
train_1126.jpg,1841.67,2604.5,1929.33,2899.0,missing,2448,3264
train_1126.jpg,1929.33,2604.5,2017.0,2899.0,missing,2448,3264
train_1126.jpg,2237.0,1399.0,2359.0,1598.0,missing,2448,3264
train_1127.jpg,1396.0,1691.0,1497.0,1830.0,missing,2448,3264
train_1127.jpg,2424.0,790.0,2490.0,1013.0,missing,2448,3264
train_1128.jpg,646.0,418.5,808.0,621.5,missing,2448,3264
train_1128.jpg,1166.0,1005.5,1354.5,1176.5,missing,2448,3264
train_1128.jpg,1354.5,1005.5,1543.0,1176.5,missing,2448,3264
train_1128.jpg,1394.5,1448.5,1721.0,1615.0,missing,2448,3264
train_1128.jpg,2020.0,1743.0,2127.0,1793.0,missing,2448,3264
train_1129.jpg,1850.0,571.0,1961.0,708.0,missing,2448,3264
train_1129.jpg,304.0,632.0,423.0,789.0,missing,2448,3264
train_1129.jpg,771.0,791.0,1080.0,936.5,missing,2448,3264
train_1129.jpg,682.0,1513.0,817.0,1720.0,missing,2448,3264
train_1129.jpg,1243.0,1572.0,1451.33,1716.5,missing,2448,3264
train_1129.jpg,1735.0,1692.5,1807.67,1818.5,missing,2448,3264
train_1129.jpg,1741.0,1856.5,1850.0,1990.5,missing,2448,3264
train_1129.jpg,1730.0,2006.0,1847.0,2147.5,missing,2448,3264
train_1129.jpg,1779.5,2085.0,1857.75,2213.0,missing,2448,3264
train_1129.jpg,1141.0,2166.5,1257.0,2298.0,missing,2448,3264
train_1129.jpg,422.0,2325.0,490.0,2433.5,missing,2448,3264
train_1129.jpg,1070.0,2341.5,1167.0,2499.0,missing,2448,3264
train_1129.jpg,1167.0,2341.5,1264.0,2499.0,missing,2448,3264
train_1129.jpg,1061.0,2511.5,1178.0,2645.5,missing,2448,3264
train_1129.jpg,1178.0,2511.5,1295.0,2645.5,missing,2448,3264
train_1129.jpg,1050.0,2686.5,1178.5,2799.0,missing,2448,3264
train_1129.jpg,1178.5,2686.5,1307.0,2799.0,missing,2448,3264
train_1129.jpg,1088.0,2838.0,1201.0,2977.0,missing,2448,3264
train_1129.jpg,1201.0,2838.0,1314.0,2977.0,missing,2448,3264
train_1129.jpg,1110.0,2999.5,1335.0,3113.5,missing,2448,3264
train_113.jpg,588.0,766.5,670.0,961.5,missing,3264,2448
train_113.jpg,1067.0,791.0,1173.5,1042.5,missing,3264,2448
train_113.jpg,1173.5,791.0,1280.0,1042.5,missing,3264,2448
train_113.jpg,1726.0,1131.0,1786.0,1340.0,missing,3264,2448
train_113.jpg,2274.0,1158.5,2355.0,1348.0,missing,3264,2448
train_113.jpg,425.0,1453.0,525.5,1660.5,missing,3264,2448
train_113.jpg,2894.0,331.0,3027.0,632.0,missing,3264,2448
train_1130.jpg,1926.0,1011.0,2001.0,1242.0,missing,2336,4160
train_1130.jpg,96.0,1363.0,251.0,1640.0,missing,2336,4160
train_1130.jpg,70.0,1791.5,156.0,2042.5,missing,2336,4160
train_1130.jpg,156.0,1791.5,242.0,2042.5,missing,2336,4160
train_1130.jpg,606.0,1794.0,672.5,2037.5,missing,2336,4160
train_1130.jpg,672.5,1794.0,739.0,2037.5,missing,2336,4160
train_1130.jpg,887.0,1796.5,951.0,2041.0,missing,2336,4160
train_1130.jpg,1125.0,1799.0,1178.0,2061.5,missing,2336,4160
train_1130.jpg,96.0,2171.0,188.5,2448.5,missing,2336,4160
train_1130.jpg,188.5,2171.0,281.0,2448.5,missing,2336,4160
train_1130.jpg,1330.0,2218.0,1400.0,2469.5,missing,2336,4160
train_1130.jpg,1422.0,2578.0,1528.0,2805.5,missing,2336,4160
train_1131.jpg,1013.0,457.5,1084.0,543.5,missing,4160,2336
train_1131.jpg,1841.0,469.0,1914.0,560.5,missing,4160,2336
train_1131.jpg,1520.0,558.5,1595.5,637.0,missing,4160,2336
train_1131.jpg,1595.5,558.5,1671.0,637.0,missing,4160,2336
train_1131.jpg,1840.0,565.0,1922.0,645.5,missing,4160,2336
train_1131.jpg,1861.33,660.5,1922.0,747.0,missing,4160,2336
train_1131.jpg,1808.0,749.0,1870.5,825.5,missing,4160,2336
train_1131.jpg,1870.5,749.0,1933.0,825.5,missing,4160,2336
train_1132.jpg,848.0,323.0,928.0,581.5,missing,1920,2560
train_1132.jpg,1049.0,345.0,1124.0,588.5,missing,1920,2560
train_1132.jpg,330.0,9.0,458.0,168.0,missing,1920,2560
train_1132.jpg,1914.0,176.0,2008.0,335.0,missing,1920,2560
train_1133.jpg,1908.0,714.5,2045.0,889.5,missing,2448,3264
train_1133.jpg,2158.0,670.0,2263.0,889.5,missing,2448,3264
train_1133.jpg,2097.0,1017.0,2178.0,1228.5,missing,2448,3264
train_1133.jpg,1496.0,1377.5,1600.0,1611.0,missing,2448,3264
train_1133.jpg,1945.0,1348.5,2066.0,1592.5,missing,2448,3264
train_1133.jpg,274.0,1696.0,382.0,1922.0,missing,2448,3264
train_1134.jpg,1373.0,1013.0,1439.0,1179.5,missing,2336,4160
train_1134.jpg,1506.0,929.0,1616.0,1177.0,missing,2336,4160
train_1134.jpg,1616.0,929.0,1726.0,1177.0,missing,2336,4160
train_1134.jpg,327.0,1337.0,468.0,1638.5,missing,2336,4160
train_1134.jpg,1167.0,1364.0,1306.0,1650.5,missing,2336,4160
train_1134.jpg,1306.0,1364.0,1445.0,1650.5,missing,2336,4160
train_1134.jpg,617.0,2193.0,776.0,2534.0,missing,2336,4160
train_1134.jpg,1349.0,2200.0,1511.0,2542.5,missing,2336,4160
train_1134.jpg,2079.0,2353.0,2182.0,2531.0,missing,2336,4160
train_1134.jpg,823.0,2801.5,998.0,2989.5,missing,2336,4160
train_1134.jpg,2008.0,2850.0,2164.0,3000.5,missing,2336,4160
train_1134.jpg,2245.0,911.0,2347.0,1175.0,missing,2336,4160
train_1134.jpg,2008.0,3352.0,2149.0,3588.0,missing,2336,4160
train_1135.jpg,724.0,1153.5,828.67,1225.5,missing,2448,3264
train_1135.jpg,65.0,1955.5,160.0,2168.5,missing,2448,3264
train_1135.jpg,750.0,1942.0,809.0,2186.0,missing,2448,3264
train_1135.jpg,1770.0,1992.5,1842.0,2176.0,missing,2448,3264
train_1135.jpg,1336.0,2268.0,1426.5,2433.5,missing,2448,3264
train_1135.jpg,1426.5,2268.0,1517.0,2433.5,missing,2448,3264
train_1135.jpg,1628.0,2508.5,1682.0,2730.0,missing,2448,3264
train_1135.jpg,90.0,2575.5,210.0,2802.5,missing,2448,3264
train_1135.jpg,575.5,2579.5,664.75,2805.0,missing,2448,3264
train_1135.jpg,664.75,2579.5,754.0,2805.0,missing,2448,3264
train_1136.jpg,475.0,329.0,577.0,633.5,missing,2448,3264
train_1136.jpg,1954.0,311.0,2046.0,620.5,missing,2448,3264
train_1136.jpg,1659.0,1178.0,1727.0,1285.5,missing,2448,3264
train_1136.jpg,1867.0,1183.0,1941.0,1291.0,missing,2448,3264
train_1136.jpg,2050.0,1192.5,2108.5,1320.0,missing,2448,3264
train_1136.jpg,2108.5,1192.5,2167.0,1320.0,missing,2448,3264
train_1136.jpg,801.0,1295.0,854.0,1482.0,missing,2448,3264
train_1136.jpg,854.0,1295.0,907.0,1482.0,missing,2448,3264
train_1136.jpg,907.0,1295.0,960.0,1482.0,missing,2448,3264
train_1136.jpg,960.0,1295.0,1013.0,1482.0,missing,2448,3264
train_1136.jpg,1295.0,1302.0,1376.0,1464.5,missing,2448,3264
train_1136.jpg,1569.0,1308.0,1642.0,1478.5,missing,2448,3264
train_1136.jpg,1981.0,1306.5,2058.0,1473.5,missing,2448,3264
train_1136.jpg,1934.0,2660.0,2066.0,2909.5,missing,2448,3264
train_1136.jpg,537.0,1691.0,601.0,1808.0,missing,2448,3264
train_1136.jpg,1860.74,1648.01,1977.02,1805.6,missing,2448,3264
train_1136.jpg,1983.14,1629.65,2074.94,1801.01,missing,2448,3264
train_1137.jpg,1621.0,2056.5,1705.0,2233.0,missing,1920,2560
train_1138.jpg,1733.0,456.5,1882.0,915.5,missing,2448,3264
train_1138.jpg,1910.0,974.0,2049.5,1383.0,missing,2448,3264
train_1138.jpg,2049.5,974.0,2189.0,1383.0,missing,2448,3264
train_1138.jpg,1240.0,2269.5,1385.0,2527.0,missing,2448,3264
train_1138.jpg,1748.0,2266.5,1912.0,2533.0,missing,2448,3264
train_1138.jpg,2072.0,2263.0,2200.0,2521.5,missing,2448,3264
train_1138.jpg,2139.0,1470.0,2274.0,1793.0,missing,2448,3264
train_1138.jpg,-1.0,2294.0,180.0,2540.0,missing,2448,3264
train_1139.jpg,910.0,952.0,946.0,1224.5,missing,2448,3264
train_1139.jpg,1276.0,1012.5,1310.0,1227.0,missing,2448,3264
train_1139.jpg,1703.0,1363.0,1770.0,1542.0,missing,2448,3264
train_1139.jpg,1357.0,1715.0,1402.0,1871.0,missing,2448,3264
train_1139.jpg,1445.0,1713.0,1514.0,1860.5,missing,2448,3264
train_1139.jpg,2134.0,1671.0,2182.0,1822.5,missing,2448,3264
train_1139.jpg,1662.0,1945.0,1722.0,2107.5,missing,2448,3264
train_1139.jpg,2131.0,2022.0,2186.0,2134.0,missing,2448,3264
train_1139.jpg,2272.0,2077.5,2366.0,2134.0,missing,2448,3264
train_1139.jpg,62.0,522.0,131.0,876.0,missing,2448,3264
train_1139.jpg,883.07,547.94,1000.88,883.01,missing,2448,3264
train_1139.jpg,1000.88,546.41,1103.39,890.66,missing,2448,3264
train_1139.jpg,648.98,554.06,753.02,879.95,missing,2448,3264
train_1139.jpg,2189.69,2203.4,2252.42,2390.06,missing,2448,3264
train_114.jpg,1263.33,890.5,1477.0,984.0,missing,2448,3264
train_114.jpg,1133.0,992.0,1230.0,1096.5,missing,2448,3264
train_114.jpg,1686.0,978.0,1797.0,1097.5,missing,2448,3264
train_1140.jpg,539.0,2232.0,721.0,2371.0,missing,2448,3264
train_1140.jpg,1323.0,2232.5,1483.5,2375.0,missing,2448,3264
train_1140.jpg,1483.5,2232.5,1644.0,2375.0,missing,2448,3264
train_1140.jpg,1644.0,2232.5,1804.5,2375.0,missing,2448,3264
train_1140.jpg,1804.5,2232.5,1965.0,2375.0,missing,2448,3264
train_1141.jpg,237.0,812.5,376.0,1136.0,missing,2448,3264
train_1141.jpg,218.0,1472.0,305.0,1598.0,missing,2448,3264
train_1141.jpg,238.0,2131.5,333.0,2253.0,missing,2448,3264
train_1141.jpg,240.0,2261.0,337.0,2373.5,missing,2448,3264
train_1141.jpg,1478.0,2232.5,1632.0,2365.0,missing,2448,3264
train_1141.jpg,242.0,2380.5,344.0,2501.0,missing,2448,3264
train_1142.jpg,449.0,1078.5,611.0,1370.5,missing,2448,3264
train_1142.jpg,1378.0,1452.0,1459.0,1718.0,missing,2448,3264
train_1142.jpg,1581.0,1418.0,1693.0,1703.5,missing,2448,3264
train_1142.jpg,182.0,2172.0,392.0,2518.0,missing,2448,3264
train_1142.jpg,1598.0,2188.0,1700.0,2435.5,missing,2448,3264
train_1142.jpg,2041.0,2218.0,2238.0,2379.5,missing,2448,3264
train_1142.jpg,671.0,2589.0,857.0,2894.5,missing,2448,3264
train_1143.jpg,866.0,1393.5,967.0,1638.0,missing,3120,4208
train_1143.jpg,82.0,1882.0,199.0,2078.5,missing,3120,4208
train_1143.jpg,704.0,1835.5,803.0,2122.5,missing,3120,4208
train_1143.jpg,2671.0,2294.5,2767.0,2586.0,missing,3120,4208
train_1143.jpg,1745.0,2794.5,1855.0,3015.0,missing,3120,4208
train_1143.jpg,2274.0,2819.5,2348.0,3027.5,missing,3120,4208
train_1143.jpg,1705.0,3122.5,1870.0,3377.0,missing,3120,4208
train_1143.jpg,2050.0,3157.5,2159.0,3382.0,missing,3120,4208
train_1143.jpg,2427.0,3216.0,2558.0,3402.0,missing,3120,4208
train_1143.jpg,-27.0,3066.0,100.0,3364.0,missing,3120,4208
train_1144.jpg,404.0,610.5,459.0,828.0,missing,3120,4160
train_1144.jpg,77.0,887.0,160.0,1117.0,missing,3120,4160
train_1144.jpg,428.0,881.5,501.0,1102.0,missing,3120,4160
train_1144.jpg,501.0,881.5,574.0,1102.0,missing,3120,4160
train_1144.jpg,369.0,1774.5,434.0,2045.0,missing,3120,4160
train_1144.jpg,161.0,2293.0,185.0,2544.0,missing,3120,4160
train_1144.jpg,435.0,2305.0,459.0,2526.5,missing,3120,4160
train_1144.jpg,552.0,2274.5,594.0,2514.0,missing,3120,4160
train_1144.jpg,680.0,2209.0,738.0,2521.5,missing,3120,4160
train_1144.jpg,1288.0,2171.0,1332.67,2513.5,missing,3120,4160
train_1144.jpg,1332.67,2171.0,1377.33,2513.5,missing,3120,4160
train_1144.jpg,2852.0,2165.5,2896.0,2491.5,missing,3120,4160
train_1144.jpg,2896.0,2165.5,2940.0,2491.5,missing,3120,4160
train_1144.jpg,2940.0,2165.5,2984.0,2491.5,missing,3120,4160
train_1144.jpg,686.0,2670.5,733.0,2965.5,missing,3120,4160
train_1144.jpg,781.0,2621.0,838.0,2970.5,missing,3120,4160
train_1144.jpg,885.0,2619.0,943.0,2988.0,missing,3120,4160
train_1144.jpg,995.0,2611.5,1028.0,3010.5,missing,3120,4160
train_1144.jpg,1151.0,2644.0,1187.0,3040.5,missing,3120,4160
train_1144.jpg,1706.0,2743.5,1741.0,3085.5,missing,3120,4160
train_1144.jpg,2227.0,2610.0,2276.0,2960.5,missing,3120,4160
train_1144.jpg,2276.0,2610.0,2325.0,2960.5,missing,3120,4160
train_1144.jpg,2995.0,2606.0,3053.0,2933.0,missing,3120,4160
train_1144.jpg,239.0,3249.0,324.0,3492.0,missing,3120,4160
train_1145.jpg,1851.0,1437.0,1945.0,1706.0,missing,2340,4160
train_1145.jpg,2023.0,1414.0,2150.0,1696.0,missing,2340,4160
train_1145.jpg,1885.0,2397.5,2010.0,2571.5,missing,2340,4160
train_1145.jpg,554.0,2695.0,688.0,2985.0,missing,2340,4160
train_1145.jpg,2162.0,1025.0,2250.0,1242.0,missing,2340,4160
train_1145.jpg,129.0,2230.0,249.0,2569.0,missing,2340,4160
train_1145.jpg,2144.0,2503.0,2264.0,2574.0,missing,2340,4160
train_1145.jpg,677.87,3180.69,873.84,3495.12,missing,2340,4160
train_1146.jpg,1128.0,319.0,1237.33,630.5,missing,2448,3264
train_1146.jpg,1237.33,319.0,1346.67,630.5,missing,2448,3264
train_1146.jpg,1346.67,319.0,1456.0,630.5,missing,2448,3264
train_1146.jpg,1716.0,295.5,1820.0,615.5,missing,2448,3264
train_1146.jpg,608.0,638.0,660.0,777.0,missing,2448,3264
train_1146.jpg,660.0,638.0,712.0,777.0,missing,2448,3264
train_1146.jpg,825.0,532.5,912.0,736.0,missing,2448,3264
train_1146.jpg,570.0,819.5,668.25,961.0,missing,2448,3264
train_1146.jpg,1261.0,720.5,1327.0,1106.5,missing,2448,3264
train_1146.jpg,1327.0,720.5,1393.0,1106.5,missing,2448,3264
train_1146.jpg,893.0,1189.5,967.0,1540.5,missing,2448,3264
train_1146.jpg,1068.0,1162.0,1123.0,1557.0,missing,2448,3264
train_1146.jpg,289.0,1920.0,329.0,2061.0,missing,2448,3264
train_1146.jpg,372.0,2146.5,427.0,2291.5,missing,2448,3264
train_1146.jpg,488.0,2344.0,536.0,2576.5,missing,2448,3264
train_1146.jpg,2124.0,2663.5,2232.0,2964.5,missing,2448,3264
train_1146.jpg,2232.0,2663.5,2340.0,2964.5,missing,2448,3264
train_1146.jpg,1759.0,3009.5,1891.0,3252.5,missing,2448,3264
train_1146.jpg,1891.0,3009.5,2023.0,3252.5,missing,2448,3264
train_1146.jpg,100.0,920.0,196.0,998.0,missing,2448,3264
train_1146.jpg,681.62,1650.16,742.82,1896.49,missing,2448,3264
train_1147.jpg,349.0,642.0,437.0,845.0,missing,2448,3264
train_1147.jpg,1058.0,1039.5,1174.0,1347.0,missing,2448,3264
train_1147.jpg,1819.0,1445.5,1900.0,1560.0,missing,2448,3264
train_1147.jpg,458.0,2358.5,518.5,2503.5,missing,2448,3264
train_1147.jpg,518.5,2358.5,579.0,2503.5,missing,2448,3264
train_1147.jpg,247.0,2779.5,379.0,2964.5,missing,2448,3264
train_1147.jpg,1760.27,2511.8,1931.63,2796.38,missing,2448,3264
train_1147.jpg,11.47,2767.62,109.39,2955.81,missing,2448,3264
train_1148.jpg,1132.0,1367.0,1227.0,1514.0,missing,2336,4160
train_1148.jpg,1989.0,1838.5,2060.0,1928.5,missing,2336,4160
train_1148.jpg,1386.27,2221.39,1520.59,2400.97,missing,2336,4160
train_1149.jpg,595.0,643.5,660.0,823.0,missing,1920,2560
train_1149.jpg,976.0,1592.0,1051.0,1617.5,missing,1920,2560
train_1149.jpg,1223.0,1541.0,1320.0,1615.0,missing,1920,2560
train_1149.jpg,1421.0,1502.5,1480.0,1615.0,missing,1920,2560
train_1149.jpg,1043.4,417.24,1189.8,581.64,missing,1920,2560
train_115.jpg,1557.0,499.5,1653.0,943.5,missing,2340,4160
train_115.jpg,237.0,1150.5,396.0,1535.5,missing,2340,4160
train_115.jpg,1048.0,1150.5,1206.0,1535.5,missing,2340,4160
train_115.jpg,332.0,1725.5,473.0,2068.0,missing,2340,4160
train_115.jpg,1792.0,1683.5,1871.0,1997.5,missing,2340,4160
train_115.jpg,706.0,2364.5,744.0,2662.0,missing,2340,4160
train_115.jpg,744.0,2364.5,782.0,2662.0,missing,2340,4160
train_115.jpg,874.0,2345.5,905.0,2658.0,missing,2340,4160
train_115.jpg,1019.0,2337.0,1049.0,2649.0,missing,2340,4160
train_115.jpg,1049.0,2337.0,1079.0,2649.0,missing,2340,4160
train_115.jpg,1188.0,2335.0,1223.0,2641.0,missing,2340,4160
train_115.jpg,1262.0,2336.5,1301.0,2637.5,missing,2340,4160
train_115.jpg,1505.0,2320.0,1537.67,2638.5,missing,2340,4160
train_115.jpg,1537.67,2320.0,1570.33,2638.5,missing,2340,4160
train_115.jpg,1570.33,2320.0,1603.0,2638.5,missing,2340,4160
train_115.jpg,1671.0,2314.5,1704.0,2634.0,missing,2340,4160
train_115.jpg,1704.0,2314.5,1737.0,2634.0,missing,2340,4160
train_115.jpg,1799.0,2434.5,1829.0,2643.0,missing,2340,4160
train_115.jpg,1829.0,2434.5,1859.0,2643.0,missing,2340,4160
train_115.jpg,920.0,2817.0,955.0,3157.0,missing,2340,4160
train_115.jpg,663.0,2839.5,698.0,3173.5,missing,2340,4160
train_115.jpg,2035.0,3241.5,2088.0,3601.5,missing,2340,4160
train_1150.jpg,2140.0,2034.0,2279.0,2251.5,missing,2448,3264
train_1150.jpg,1773.0,2300.5,1869.0,2455.5,missing,2448,3264
train_1150.jpg,2321.0,87.0,2478.0,372.0,missing,2448,3264
train_1152.jpg,570.0,922.0,661.0,1107.5,missing,1920,2560
train_1152.jpg,1136.0,922.0,1278.0,1106.5,missing,1920,2560
train_1152.jpg,367.0,1165.5,449.0,1361.0,missing,1920,2560
train_1152.jpg,910.0,1694.0,989.0,1848.5,missing,1920,2560
train_1152.jpg,750.0,1939.0,840.0,2084.0,missing,1920,2560
train_1152.jpg,989.0,1945.0,1105.0,2056.5,missing,1920,2560
train_1152.jpg,1105.0,1945.0,1221.0,2056.5,missing,1920,2560
train_1152.jpg,1631.0,1998.0,1735.0,2061.0,missing,1920,2560
train_1152.jpg,914.0,2151.0,997.0,2361.0,missing,1920,2560
train_1152.jpg,997.0,2151.0,1080.0,2361.0,missing,1920,2560
train_1152.jpg,1833.0,2026.0,1929.0,2091.0,missing,1920,2560
train_1153.jpg,1001.0,827.0,1112.0,1113.0,missing,2448,3264
train_1153.jpg,1211.0,801.5,1320.0,1123.5,missing,2448,3264
train_1154.jpg,333.0,928.0,447.0,973.0,missing,2448,3264
train_1154.jpg,447.0,928.0,561.0,973.0,missing,2448,3264
train_1154.jpg,561.0,928.0,675.0,973.0,missing,2448,3264
train_1154.jpg,675.0,928.0,789.0,973.0,missing,2448,3264
train_1154.jpg,180.0,1265.5,274.0,1435.5,missing,2448,3264
train_1154.jpg,1648.0,1348.0,1807.0,1563.0,missing,2448,3264
train_1154.jpg,2161.13,278.0,2445.7,444.77,missing,2448,3264
train_1154.jpg,2174.89,1463.75,2321.78,1765.16,missing,2448,3264
train_1154.jpg,955.49,1729.97,1108.49,1884.5,missing,2448,3264
train_1154.jpg,355.73,1953.05,511.79,2106.05,missing,2448,3264
train_1155.jpg,1458.0,1756.0,1821.5,1857.5,missing,3120,4160
train_1155.jpg,1821.5,1756.0,2185.0,1857.5,missing,3120,4160
train_1155.jpg,439.0,2683.5,911.0,2773.0,missing,3120,4160
train_1156.jpg,1033.0,1061.0,1125.0,1295.5,missing,2448,3264
train_1156.jpg,1125.0,1061.0,1217.0,1295.5,missing,2448,3264
train_1156.jpg,78.0,1534.0,149.0,1707.0,missing,2448,3264
train_1156.jpg,90.0,1884.5,174.67,2089.5,missing,2448,3264
train_1156.jpg,174.67,1884.5,259.33,2089.5,missing,2448,3264
train_1156.jpg,259.33,1884.5,344.0,2089.5,missing,2448,3264
train_1156.jpg,694.0,2136.0,764.0,2398.0,missing,2448,3264
train_1156.jpg,764.0,2136.0,834.0,2398.0,missing,2448,3264
train_1156.jpg,1331.0,2483.0,1413.0,2713.0,missing,2448,3264
train_1156.jpg,227.0,2864.5,299.5,3090.0,missing,2448,3264
train_1156.jpg,299.5,2864.5,372.0,3090.0,missing,2448,3264
train_1157.jpg,652.0,3.5,775.0,205.5,missing,2560,1920
train_1157.jpg,990.0,349.0,1070.0,578.0,missing,2560,1920
train_1157.jpg,1259.0,354.5,1341.0,583.0,missing,2560,1920
train_1157.jpg,1554.0,337.0,1679.0,573.0,missing,2560,1920
train_1157.jpg,580.0,1016.5,666.0,1220.0,missing,2560,1920
train_1157.jpg,1499.0,1479.5,1579.0,1704.5,missing,2560,1920
train_1158.jpg,472.0,1148.0,795.0,1409.0,missing,2336,4160
train_1158.jpg,1856.0,1067.5,2118.0,1457.0,missing,2336,4160
train_1158.jpg,1274.0,2667.5,1425.0,2894.5,missing,2336,4160
train_1158.jpg,1563.0,2701.0,1679.0,2885.0,missing,2336,4160
train_1158.jpg,997.0,3000.0,1113.0,3152.0,missing,2336,4160
train_1158.jpg,1752.0,2986.5,1832.0,3139.0,missing,2336,4160
train_1158.jpg,474.0,3617.5,647.5,3749.5,missing,2336,4160
train_1158.jpg,647.5,3617.5,821.0,3749.5,missing,2336,4160
train_1158.jpg,111.0,3006.0,210.0,3161.0,missing,2336,4160
train_1158.jpg,575.97,2064.0,729.27,2299.06,missing,2336,4160
train_1158.jpg,831.47,2064.0,1054.85,2303.44,missing,2336,4160
train_1158.jpg,1117.63,2061.08,1322.03,2291.76,missing,2336,4160
train_1158.jpg,1406.71,2055.24,1590.67,2299.06,missing,2336,4160
train_1158.jpg,1675.35,2075.68,1954.21,2297.6,missing,2336,4160
train_1158.jpg,1711.85,2415.86,1920.63,2567.7,missing,2336,4160
train_1159.jpg,755.33,1834.0,816.0,2058.5,missing,2448,3264
train_1159.jpg,1480.0,1843.5,1525.0,2061.0,missing,2448,3264
train_1159.jpg,298.0,2079.5,366.75,2274.0,missing,2448,3264
train_1159.jpg,911.67,2525.0,981.0,2806.0,missing,2448,3264
train_1159.jpg,684.67,1847.78,755.05,2045.15,missing,2448,3264
train_1159.jpg,826.97,2527.1,918.76,2782.61,missing,2448,3264
train_1159.jpg,1543.01,2652.56,1631.74,2807.09,missing,2448,3264
train_116.jpg,1122.0,476.5,1202.0,752.0,missing,2336,4160
train_116.jpg,1488.0,2676.0,1559.0,2979.0,missing,2336,4160
train_116.jpg,1940.0,2641.5,2048.33,2936.5,missing,2336,4160
train_116.jpg,2048.33,2641.5,2156.67,2936.5,missing,2336,4160
train_116.jpg,2156.67,2641.5,2265.0,2936.5,missing,2336,4160
train_116.jpg,1447.59,1884.71,1606.73,2077.43,missing,2336,4160
train_116.jpg,1606.73,1881.79,1764.41,2062.83,missing,2336,4160
train_116.jpg,1765.87,1873.03,1942.53,2055.53,missing,2336,4160
train_116.jpg,1945.45,1867.19,2141.09,2056.99,missing,2336,4160
train_1160.jpg,1161.0,2.0,1311.25,110.0,missing,2448,3264
train_1160.jpg,1332.0,696.0,1402.0,983.0,missing,2448,3264
train_1160.jpg,1402.0,696.0,1472.0,983.0,missing,2448,3264
train_1160.jpg,969.0,828.0,1058.0,1065.5,missing,2448,3264
train_1160.jpg,754.0,1629.5,825.33,1928.5,missing,2448,3264
train_1160.jpg,825.33,1629.5,896.67,1928.5,missing,2448,3264
train_1160.jpg,896.67,1629.5,968.0,1928.5,missing,2448,3264
train_1160.jpg,1288.0,2017.5,1382.67,2233.5,missing,2448,3264
train_1160.jpg,1534.5,2288.5,1637.0,2478.0,missing,2448,3264
train_1160.jpg,1151.33,2594.0,1318.0,2815.0,missing,2448,3264
train_1160.jpg,1992.0,1029.0,2070.0,1183.0,missing,2448,3264
train_1160.jpg,396.0,1695.0,472.0,1946.0,missing,2448,3264
train_1160.jpg,831.55,2519.2,972.32,2713.51,missing,2448,3264
train_1161.jpg,2292.0,232.0,2506.0,386.5,missing,3120,4160
train_1161.jpg,-16.0,116.0,164.0,289.0,missing,3120,4160
train_1161.jpg,2587.0,692.0,2821.0,839.0,missing,3120,4160
train_1162.jpg,814.0,1480.5,858.0,1682.5,missing,2448,3264
train_1162.jpg,432.23,2088.91,508.73,2261.8,missing,2448,3264
train_1163.jpg,465.0,381.5,571.0,611.5,missing,2448,3264
train_1163.jpg,571.0,381.5,677.0,611.5,missing,2448,3264
train_1163.jpg,944.0,796.5,1001.0,935.5,missing,2448,3264
train_1163.jpg,1989.5,1359.5,2098.0,1532.0,missing,2448,3264
train_1163.jpg,91.0,1816.0,183.33,1883.5,missing,2448,3264
train_1163.jpg,183.33,1816.0,275.67,1883.5,missing,2448,3264
train_1163.jpg,275.67,1816.0,368.0,1883.5,missing,2448,3264
train_1163.jpg,537.0,1818.0,626.5,1881.0,missing,2448,3264
train_1163.jpg,626.5,1818.0,716.0,1881.0,missing,2448,3264
train_1163.jpg,1201.0,2714.0,1320.5,2956.0,missing,2448,3264
train_1163.jpg,1320.5,2714.0,1440.0,2956.0,missing,2448,3264
train_1163.jpg,4.0,716.0,43.0,919.0,missing,2448,3264
train_1163.jpg,4.0,1456.0,110.0,1546.0,missing,2448,3264
train_1163.jpg,1555.24,1607.88,1643.98,1814.43,missing,2448,3264
train_1164.jpg,241.0,270.0,327.0,444.5,missing,1920,2560
train_1164.jpg,450.0,260.0,525.0,425.5,missing,1920,2560
train_1164.jpg,466.0,791.0,561.0,957.0,missing,1920,2560
train_1164.jpg,137.0,1096.0,250.5,1206.5,missing,1920,2560
train_1164.jpg,250.5,1096.0,364.0,1206.5,missing,1920,2560
train_1164.jpg,176.0,1362.5,253.0,1458.5,missing,1920,2560
train_1164.jpg,329.0,2004.0,400.0,2112.0,missing,1920,2560
train_1164.jpg,82.0,2262.5,166.0,2347.5,missing,1920,2560
train_1164.jpg,1409.0,1303.0,1482.0,1446.0,missing,1920,2560
train_1164.jpg,1655.4,802.44,1745.4,966.84,missing,1920,2560
train_1164.jpg,1683.0,266.04,1763.4,472.44,missing,1920,2560
train_1164.jpg,51.0,1542.6,136.2,1686.6,missing,1920,2560
train_1165.jpg,454.0,1234.5,491.0,1359.0,missing,3264,2448
train_1165.jpg,608.0,1590.0,751.5,1693.0,missing,3264,2448
train_1165.jpg,901.0,1793.0,983.5,1876.5,missing,3264,2448
train_1165.jpg,1333.14,954.11,1392.3,1107.11,missing,3264,2448
train_1165.jpg,1398.42,946.56,1453.5,1093.44,missing,3264,2448
train_1166.jpg,1524.0,389.0,1585.0,615.0,missing,3840,2160
train_1166.jpg,2520.0,500.5,2603.0,637.5,missing,3840,2160
train_1166.jpg,1532.0,731.5,1595.0,976.5,missing,3840,2160
train_1166.jpg,1698.0,799.0,1760.0,980.5,missing,3840,2160
train_1166.jpg,2618.0,798.0,2704.5,990.5,missing,3840,2160
train_1166.jpg,2704.5,798.0,2791.0,990.5,missing,3840,2160
train_1166.jpg,294.0,1526.0,370.0,1762.5,missing,3840,2160
train_1166.jpg,762.0,1489.5,829.0,1743.0,missing,3840,2160
train_1166.jpg,1659.0,1517.0,1793.0,1729.0,missing,3840,2160
train_1166.jpg,776.0,1859.0,951.0,2073.5,missing,3840,2160
train_1166.jpg,3316.8,1693.68,3662.4,1938.48,missing,3840,2160
train_1167.jpg,418.0,1345.5,492.67,1610.0,missing,2336,4160
train_1167.jpg,567.33,1345.5,642.0,1610.0,missing,2336,4160
train_1167.jpg,1741.0,1389.0,1810.5,1635.5,missing,2336,4160
train_1167.jpg,1654.0,1759.0,1781.0,1903.5,missing,2336,4160
train_1167.jpg,177.0,1876.5,286.0,2047.5,missing,2336,4160
train_1167.jpg,288.0,2124.5,388.0,2222.5,missing,2336,4160
train_1167.jpg,1461.0,2472.0,1640.0,2618.5,missing,2336,4160
train_1167.jpg,1640.0,2472.0,1819.0,2618.5,missing,2336,4160
train_1167.jpg,498.0,3048.5,674.0,3353.5,missing,2336,4160
train_1167.jpg,2181.97,1385.69,2332.35,1496.65,missing,2336,4160
train_1167.jpg,492.75,1338.97,570.13,1614.91,missing,2336,4160
train_1168.jpg,389.0,501.0,504.0,676.0,missing,2560,1920
train_1168.jpg,1604.0,459.5,1742.5,668.0,missing,2560,1920
train_1168.jpg,1742.5,459.5,1881.0,668.0,missing,2560,1920
train_1168.jpg,875.0,801.5,999.0,1015.0,missing,2560,1920
train_1168.jpg,999.0,801.5,1123.0,1015.0,missing,2560,1920
train_1168.jpg,1718.0,795.5,1869.0,1007.0,missing,2560,1920
train_1168.jpg,2215.0,1038.5,2357.0,1173.5,missing,2560,1920
train_1168.jpg,23.2,810.72,143.2,1018.72,missing,2560,1920
train_1169.jpg,1055.0,372.5,1225.0,721.5,missing,3120,4208
train_1169.jpg,2737.0,253.5,2829.0,710.5,missing,3120,4208
train_1169.jpg,2869.0,901.0,3008.0,1206.0,missing,3120,4208
train_1169.jpg,564.0,1398.5,731.0,1781.5,missing,3120,4208
train_1169.jpg,723.0,2559.0,892.0,2817.0,missing,3120,4208
train_1169.jpg,2814.0,2379.5,2908.0,2766.5,missing,3120,4208
train_1169.jpg,2908.0,2379.5,3002.0,2766.5,missing,3120,4208
train_1169.jpg,2617.0,3383.5,2726.0,3726.0,missing,3120,4208
train_1169.jpg,-24.0,488.0,103.0,726.0,missing,3120,4208
train_1169.jpg,2944.0,1430.0,3057.0,1766.0,missing,3120,4208
train_117.jpg,404.0,2.0,594.0,97.5,missing,2448,3264
train_117.jpg,1213.0,501.0,1376.5,575.5,missing,2448,3264
train_117.jpg,1376.5,501.0,1540.0,575.5,missing,2448,3264
train_117.jpg,1692.0,574.0,1799.0,835.5,missing,2448,3264
train_117.jpg,1779.0,919.5,1892.0,1211.0,missing,2448,3264
train_117.jpg,126.0,2644.0,198.0,2879.5,missing,2448,3264
train_117.jpg,1068.0,2659.0,1179.0,2932.5,missing,2448,3264
train_117.jpg,2169.0,2380.0,2325.0,2549.0,missing,2448,3264
train_117.jpg,2327.89,2378.69,2444.17,2550.05,missing,2448,3264
train_1171.jpg,1079.0,182.0,1158.0,411.5,missing,1920,2560
train_1171.jpg,1158.0,182.0,1237.0,411.5,missing,1920,2560
train_1171.jpg,1528.0,524.0,1592.0,785.0,missing,1920,2560
train_1171.jpg,1592.0,524.0,1656.0,785.0,missing,1920,2560
train_1171.jpg,1521.0,861.0,1628.0,1055.5,missing,1920,2560
train_1171.jpg,1503.0,1243.08,1683.0,1417.08,missing,1920,2560
train_1172.jpg,1868.0,1956.5,2197.0,2418.0,missing,3264,2448
train_1173.jpg,128.0,593.0,217.0,1044.0,missing,3120,4208
train_1173.jpg,1704.0,1267.5,1853.0,1667.5,missing,3120,4208
train_1173.jpg,2261.5,1265.0,2377.0,1671.5,missing,3120,4208
train_1173.jpg,1759.0,1862.5,1831.0,2250.5,missing,3120,4208
train_1173.jpg,2137.0,1910.5,2292.0,2237.0,missing,3120,4208
train_1173.jpg,181.0,3321.5,408.0,3555.5,missing,3120,4208
train_1173.jpg,2166.0,3607.0,2493.5,3701.5,missing,3120,4208
train_1173.jpg,2493.5,3607.0,2821.0,3701.5,missing,3120,4208
train_1173.jpg,6.83,3574.54,420.22,3991.84,missing,3120,4208
train_1174.jpg,741.0,1220.5,801.5,1273.0,missing,2448,3264
train_1174.jpg,801.5,1220.5,862.0,1273.0,missing,2448,3264
train_1174.jpg,862.0,1220.5,922.5,1273.0,missing,2448,3264
train_1174.jpg,922.5,1220.5,983.0,1273.0,missing,2448,3264
train_1174.jpg,538.5,1996.0,624.0,2063.5,missing,2448,3264
train_1174.jpg,555.0,2046.0,614.0,2175.5,missing,2448,3264
train_1174.jpg,1661.0,1971.0,1762.0,2191.5,missing,2448,3264
train_1175.jpg,1719.0,712.0,1787.5,944.0,missing,1920,2560
train_1175.jpg,1787.5,712.0,1856.0,944.0,missing,1920,2560
train_1175.jpg,1780.0,998.0,1829.0,1210.5,missing,1920,2560
train_1175.jpg,419.33,1865.5,523.67,1944.0,missing,1920,2560
train_1175.jpg,523.67,1865.5,628.0,1944.0,missing,1920,2560
train_1175.jpg,551.0,1964.0,628.0,2044.0,missing,1920,2560
train_1175.jpg,21.0,910.2,225.0,1235.4,missing,1920,2560
train_1176.jpg,1325.0,1164.5,1397.0,1310.0,missing,2336,4160
train_1176.jpg,1520.0,1168.5,1603.0,1310.0,missing,2336,4160
train_1176.jpg,1820.0,1099.5,1890.0,1316.0,missing,2336,4160
train_1176.jpg,2032.0,1093.0,2152.0,1322.5,missing,2336,4160
train_1176.jpg,736.0,1536.5,811.0,1718.0,missing,2336,4160
train_1176.jpg,811.0,1536.5,886.0,1718.0,missing,2336,4160
train_1176.jpg,1628.0,1541.5,1759.0,1737.0,missing,2336,4160
train_1176.jpg,359.0,1872.0,468.0,2014.5,missing,2336,4160
train_1176.jpg,711.0,1862.5,842.0,2011.5,missing,2336,4160
train_1176.jpg,967.0,1830.0,1042.0,2005.0,missing,2336,4160
train_1176.jpg,814.0,2601.0,887.0,2762.5,missing,2336,4160
train_1176.jpg,887.0,2601.0,960.0,2762.5,missing,2336,4160
train_1176.jpg,1148.0,2552.5,1216.0,2750.5,missing,2336,4160
train_1176.jpg,131.0,2812.0,209.0,2906.5,missing,2336,4160
train_1176.jpg,209.0,2812.0,287.0,2906.5,missing,2336,4160
train_1176.jpg,518.0,3123.5,649.0,3261.5,missing,2336,4160
train_1176.jpg,196.0,3106.5,249.0,3311.5,missing,2336,4160
train_1176.jpg,382.0,3470.5,455.0,3617.0,missing,2336,4160
train_1176.jpg,978.0,3467.0,1081.5,3623.5,missing,2336,4160
train_1176.jpg,1081.5,3467.0,1185.0,3623.5,missing,2336,4160
train_1176.jpg,1361.0,3408.5,1516.0,3592.5,missing,2336,4160
train_1176.jpg,1796.0,3463.0,1914.5,3617.5,missing,2336,4160
train_1176.jpg,1914.5,3463.0,2033.0,3617.5,missing,2336,4160
train_1176.jpg,137.0,2110.0,243.0,2451.0,missing,2336,4160
train_1176.jpg,162.0,2624.0,249.0,2757.0,missing,2336,4160
train_1176.jpg,134.0,2933.0,249.0,3031.0,missing,2336,4160
train_1176.jpg,1694.33,1819.6,1834.49,2035.68,missing,2336,4160
train_1177.jpg,821.0,42.0,985.0,164.5,missing,2448,3264
train_1177.jpg,1212.0,13.5,1381.5,160.0,missing,2448,3264
train_1177.jpg,1381.5,13.5,1551.0,160.0,missing,2448,3264
train_1177.jpg,1698.0,20.0,1841.67,152.5,missing,2448,3264
train_1177.jpg,1841.67,20.0,1985.33,152.5,missing,2448,3264
train_1177.jpg,1985.33,20.0,2129.0,152.5,missing,2448,3264
train_1177.jpg,1673.0,1605.5,1817.0,1914.0,missing,2448,3264
train_1177.jpg,308.0,2034.0,375.0,2300.0,missing,2448,3264
train_1177.jpg,1592.5,2376.5,1672.0,2547.0,missing,2448,3264
train_1177.jpg,449.0,2616.0,566.0,2935.0,missing,2448,3264
train_1177.jpg,814.0,2649.5,903.5,2890.0,missing,2448,3264
train_1177.jpg,903.5,2649.5,993.0,2890.0,missing,2448,3264
train_1177.jpg,1852.0,2641.5,1940.0,2878.0,missing,2448,3264
train_1177.jpg,150.0,2.0,294.0,167.0,missing,2448,3264
train_1177.jpg,2274.0,2061.0,2369.0,2283.0,missing,2448,3264
train_1177.jpg,361.85,389.69,576.05,674.27,missing,2448,3264
train_1177.jpg,384.8,2366.2,566.87,2548.27,missing,2448,3264
train_1177.jpg,423.05,3201.58,432.23,3213.82,missing,2448,3264
train_1178.jpg,328.0,950.0,465.0,1111.0,missing,2336,4160
train_1178.jpg,317.0,1341.0,402.0,1582.5,missing,2336,4160
train_1178.jpg,163.0,1974.5,255.67,2027.0,missing,2336,4160
train_1178.jpg,255.67,1974.5,348.33,2027.0,missing,2336,4160
train_1178.jpg,348.33,1974.5,441.0,2027.0,missing,2336,4160
train_1178.jpg,984.0,2197.5,1070.0,2470.0,missing,2336,4160
train_1178.jpg,1070.0,2197.5,1156.0,2470.0,missing,2336,4160
train_1178.jpg,612.47,3042.78,913.23,3137.68,missing,2336,4160
train_1178.jpg,1980.49,3053.0,2282.71,3188.78,missing,2336,4160
train_1179.jpg,300.0,487.5,348.0,668.0,missing,2560,1920
train_1179.jpg,435.0,486.0,489.0,667.5,missing,2560,1920
train_1179.jpg,172.0,921.0,231.0,1093.0,missing,2560,1920
train_1179.jpg,1357.0,1652.5,1408.0,1712.0,missing,2560,1920
train_1179.jpg,1679.2,1558.4,1748.0,1707.2,missing,2560,1920
train_1179.jpg,2032.8,1840.0,2048.8,1867.2,missing,2560,1920
train_118.jpg,743.0,898.0,1097.0,966.5,missing,2448,3264
train_118.jpg,1989.0,1207.0,2280.0,1270.0,missing,2448,3264
train_118.jpg,1983.0,1276.5,2280.0,1335.0,missing,2448,3264
train_118.jpg,1983.0,1344.0,2280.0,1397.5,missing,2448,3264
train_118.jpg,1967.0,1405.5,2268.0,1458.0,missing,2448,3264
train_118.jpg,1804.5,2253.0,2081.0,2303.5,missing,2448,3264
train_118.jpg,624.0,2287.0,927.5,2340.5,missing,2448,3264
train_118.jpg,1798.33,2317.0,2085.0,2366.5,missing,2448,3264
train_1180.jpg,1523.0,1288.0,1558.5,1450.0,missing,2448,3264
train_1180.jpg,1558.5,1288.0,1594.0,1450.0,missing,2448,3264
train_1180.jpg,1862.0,1619.0,1906.0,1722.0,missing,2448,3264
train_1180.jpg,1707.0,1712.5,1753.0,1798.5,missing,2448,3264
train_1180.jpg,2144.0,2000.5,2271.0,2248.0,missing,2448,3264
train_1180.jpg,2147.0,2281.0,2305.0,2546.5,missing,2448,3264
train_1181.jpg,1716.0,93.5,1786.0,685.5,missing,2340,4160
train_1181.jpg,1292.0,843.5,1496.5,900.5,missing,2340,4160
train_1181.jpg,1496.5,843.5,1701.0,900.5,missing,2340,4160
train_1181.jpg,1302.0,907.5,1453.0,952.0,missing,2340,4160
train_1181.jpg,258.0,1266.0,385.0,1386.0,missing,2340,4160
train_1182.jpg,1359.0,255.5,1435.0,677.0,missing,2448,3264
train_1182.jpg,1114.0,808.5,1213.75,923.0,missing,2448,3264
train_1182.jpg,1213.75,808.5,1313.5,923.0,missing,2448,3264
train_1182.jpg,1313.5,808.5,1413.25,923.0,missing,2448,3264
train_1182.jpg,1413.25,808.5,1513.0,923.0,missing,2448,3264
train_1182.jpg,1711.0,833.0,1865.0,953.5,missing,2448,3264
train_1182.jpg,494.0,829.5,572.0,1097.5,missing,2448,3264
train_1182.jpg,1836.0,989.0,1929.0,1103.0,missing,2448,3264
train_1182.jpg,896.0,1184.5,1076.0,1303.5,missing,2448,3264
train_1182.jpg,1199.0,1183.0,1325.0,1318.0,missing,2448,3264
train_1182.jpg,1860.0,1218.5,1992.0,1342.5,missing,2448,3264
train_1182.jpg,2232.0,1341.0,2380.0,1475.5,missing,2448,3264
train_1182.jpg,1117.66,1649.19,1310.44,1897.05,missing,2448,3264
train_1182.jpg,1305.86,1641.54,1443.56,1903.17,missing,2448,3264
train_1182.jpg,1595.03,1754.76,1764.86,1886.34,missing,2448,3264
train_1183.jpg,1843.0,1297.0,1931.0,1554.0,missing,2448,3264
train_1183.jpg,2171.0,2240.5,2239.0,2419.0,missing,2448,3264
train_1183.jpg,628.07,1009.34,745.88,1147.04,missing,2448,3264
train_1183.jpg,748.93,1007.81,891.23,1147.04,missing,2448,3264
train_1183.jpg,877.46,1004.75,1076.36,1142.45,missing,2448,3264
train_1184.jpg,471.0,1201.5,592.0,1323.0,missing,2336,4160
train_1184.jpg,592.0,1201.5,713.0,1323.0,missing,2336,4160
train_1184.jpg,713.0,1201.5,834.0,1323.0,missing,2336,4160
train_1184.jpg,1590.0,1486.5,1755.75,1554.5,missing,2336,4160
train_1184.jpg,1921.5,1486.5,2087.25,1554.5,missing,2336,4160
train_1184.jpg,2087.25,1486.5,2253.0,1554.5,missing,2336,4160
train_1184.jpg,297.0,1595.5,503.0,1671.0,missing,2336,4160
train_1184.jpg,1260.0,1937.5,1329.0,2106.0,missing,2336,4160
train_1184.jpg,867.0,2328.0,939.0,2423.5,missing,2336,4160
train_1184.jpg,479.0,2512.0,571.0,2602.0,missing,2336,4160
train_1184.jpg,629.0,2508.5,698.0,2608.5,missing,2336,4160
train_1184.jpg,790.0,2500.5,883.0,2603.0,missing,2336,4160
train_1184.jpg,883.0,2500.5,976.0,2603.0,missing,2336,4160
train_1184.jpg,2052.0,1644.0,2210.0,1710.0,missing,2336,4160
train_1184.jpg,202.21,1867.78,513.19,2142.26,missing,2336,4160
train_1184.jpg,2.19,1860.48,197.83,2139.34,missing,2336,4160
train_1184.jpg,2068.09,2153.94,2333.81,2336.44,missing,2336,4160
train_1185.jpg,1035.0,743.0,1096.0,933.0,missing,2448,3264
train_1185.jpg,895.0,1620.5,1001.0,1925.5,missing,2448,3264
train_1185.jpg,1106.0,1620.5,1193.0,1924.0,missing,2448,3264
train_1186.jpg,783.0,262.5,860.0,544.0,missing,2448,3264
train_1186.jpg,263.0,703.0,335.0,956.5,missing,2448,3264
train_1186.jpg,335.0,703.0,407.0,956.5,missing,2448,3264
train_1186.jpg,1237.0,725.5,1338.0,992.0,missing,2448,3264
train_1186.jpg,1338.0,725.5,1439.0,992.0,missing,2448,3264
train_1186.jpg,1697.0,737.5,1788.75,1000.5,missing,2448,3264
train_1186.jpg,1788.75,737.5,1880.5,1000.5,missing,2448,3264
train_1186.jpg,1880.5,737.5,1972.25,1000.5,missing,2448,3264
train_1186.jpg,1972.25,737.5,2064.0,1000.5,missing,2448,3264
train_1186.jpg,1514.0,1082.0,1577.0,1314.0,missing,2448,3264
train_1186.jpg,1732.0,1099.0,1867.0,1315.5,missing,2448,3264
train_1186.jpg,119.0,1307.0,197.33,1540.0,missing,2448,3264
train_1186.jpg,197.33,1307.0,275.67,1540.0,missing,2448,3264
train_1186.jpg,275.67,1307.0,354.0,1540.0,missing,2448,3264
train_1186.jpg,1117.0,1363.5,1177.0,1608.5,missing,2448,3264
train_1186.jpg,889.0,1644.5,980.0,1894.5,missing,2448,3264
train_1186.jpg,1067.0,1655.5,1164.0,1896.0,missing,2448,3264
train_1186.jpg,1253.0,1667.0,1323.5,1908.5,missing,2448,3264
train_1186.jpg,1323.5,1667.0,1394.0,1908.5,missing,2448,3264
train_1186.jpg,1770.0,1673.5,1844.0,1902.0,missing,2448,3264
train_1186.jpg,88.0,1860.5,242.5,2091.0,missing,2448,3264
train_1186.jpg,242.5,1860.5,397.0,2091.0,missing,2448,3264
train_1186.jpg,287.0,2510.5,409.0,2672.0,missing,2448,3264
train_1186.jpg,735.0,2554.0,807.0,2643.5,missing,2448,3264
train_1186.jpg,1174.0,2497.5,1337.0,2648.5,missing,2448,3264
train_1186.jpg,1665.0,2516.0,1772.0,2672.0,missing,2448,3264
train_1186.jpg,2000.0,2549.0,2090.0,2678.5,missing,2448,3264
train_1186.jpg,14.0,703.0,108.0,950.0,missing,2448,3264
train_1186.jpg,40.0,994.0,140.0,1220.0,missing,2448,3264
train_1186.jpg,2389.1,1685.91,2441.12,1906.23,missing,2448,3264
train_1187.jpg,2159.0,107.5,2269.0,203.5,missing,2448,3264
train_1187.jpg,467.0,637.0,556.0,719.5,missing,2448,3264
train_1187.jpg,2129.0,519.5,2208.0,675.0,missing,2448,3264
train_1187.jpg,465.0,757.0,572.0,860.0,missing,2448,3264
train_1187.jpg,2114.0,984.0,2216.0,1229.0,missing,2448,3264
train_1187.jpg,1692.0,2373.0,1805.0,2450.0,missing,2448,3264
train_1187.jpg,1805.0,2373.0,1918.0,2450.0,missing,2448,3264
train_1187.jpg,2327.0,484.0,2458.0,677.0,missing,2448,3264
train_1187.jpg,1322.68,2759.41,1442.03,2929.24,missing,2448,3264
train_1188.jpg,993.0,748.5,1078.5,1138.5,missing,2448,3264
train_1188.jpg,1078.5,748.5,1164.0,1138.5,missing,2448,3264
train_1188.jpg,217.0,1279.5,339.0,1443.5,missing,2448,3264
train_1188.jpg,1054.0,1322.5,1121.0,1532.0,missing,2448,3264
train_1188.jpg,1430.0,1347.5,1480.0,1558.0,missing,2448,3264
train_1188.jpg,1659.0,1437.5,1773.0,1564.5,missing,2448,3264
train_1188.jpg,367.0,1683.0,408.0,1818.0,missing,2448,3264
train_1188.jpg,610.0,1687.5,644.0,1829.0,missing,2448,3264
train_1188.jpg,173.0,2013.5,247.0,2166.0,missing,2448,3264
train_1188.jpg,1905.0,2112.0,2015.0,2418.5,missing,2448,3264
train_1188.jpg,97.0,2433.5,256.0,2515.5,missing,2448,3264
train_1188.jpg,105.0,2385.0,266.0,2461.0,missing,2448,3264
train_1188.jpg,31.36,2153.78,110.92,2328.2,missing,2448,3264
train_1189.jpg,1493.0,263.5,1639.5,583.5,missing,2448,3264
train_1189.jpg,1639.5,263.5,1786.0,583.5,missing,2448,3264
train_1189.jpg,1786.0,263.5,1932.5,583.5,missing,2448,3264
train_1189.jpg,1932.5,263.5,2079.0,583.5,missing,2448,3264
train_1189.jpg,508.0,2690.0,658.0,2736.0,missing,2448,3264
train_1189.jpg,658.0,2690.0,808.0,2736.0,missing,2448,3264
train_1189.jpg,167.53,363.68,554.63,509.03,missing,2448,3264
train_119.jpg,1367.0,2200.0,1457.0,2479.5,missing,2336,4160
train_119.jpg,-7.0,1145.0,82.0,1340.0,missing,2336,4160
train_1190.jpg,1791.0,1656.0,1870.0,1959.0,missing,1920,2560
train_1191.jpg,369.0,1378.0,471.0,1542.5,missing,2340,4160
train_1191.jpg,208.0,2217.5,416.0,2389.0,missing,2340,4160
train_1191.jpg,802.0,2168.0,939.0,2402.0,missing,2340,4160
train_1191.jpg,1132.0,2144.0,1221.0,2373.0,missing,2340,4160
train_1191.jpg,1699.0,2469.0,1789.0,2615.0,missing,2340,4160
train_1191.jpg,1789.0,2469.0,1879.0,2615.0,missing,2340,4160
train_1191.jpg,74.0,2600.0,159.5,2828.0,missing,2340,4160
train_1191.jpg,159.5,2600.0,245.0,2828.0,missing,2340,4160
train_1191.jpg,245.0,2600.0,330.5,2828.0,missing,2340,4160
train_1191.jpg,330.5,2600.0,416.0,2828.0,missing,2340,4160
train_1191.jpg,827.0,2617.0,886.5,2813.0,missing,2340,4160
train_1191.jpg,886.5,2617.0,946.0,2813.0,missing,2340,4160
train_1191.jpg,1731.0,2689.5,1899.0,2948.0,missing,2340,4160
train_1191.jpg,287.0,2969.5,376.0,3215.0,missing,2340,4160
train_1191.jpg,721.0,2982.5,817.5,3213.0,missing,2340,4160
train_1191.jpg,817.5,2982.5,914.0,3213.0,missing,2340,4160
train_1191.jpg,914.0,2982.5,1010.5,3213.0,missing,2340,4160
train_1191.jpg,1010.5,2982.5,1107.0,3213.0,missing,2340,4160
train_1191.jpg,159.0,3455.5,235.0,3645.0,missing,2340,4160
train_1191.jpg,790.0,3412.0,881.0,3660.5,missing,2340,4160
train_1191.jpg,881.0,3412.0,972.0,3660.5,missing,2340,4160
train_1191.jpg,972.0,3412.0,1063.0,3660.5,missing,2340,4160
train_1191.jpg,1063.0,3412.0,1154.0,3660.5,missing,2340,4160
train_1191.jpg,1802.0,3420.0,1906.0,3652.5,missing,2340,4160
train_1191.jpg,617.91,1376.94,753.92,1569.99,missing,2340,4160
train_1192.jpg,384.75,482.0,471.0,719.5,missing,2448,3264
train_1192.jpg,554.0,462.5,618.5,694.0,missing,2448,3264
train_1192.jpg,618.5,462.5,683.0,694.0,missing,2448,3264
train_1192.jpg,1557.0,1658.0,1618.0,1897.5,missing,2448,3264
train_1192.jpg,-56.0,121.0,31.0,401.0,missing,2448,3264
train_1193.jpg,269.0,950.5,469.0,1251.0,missing,2340,4160
train_1193.jpg,939.0,2943.0,1087.0,3058.5,missing,2340,4160
train_1193.jpg,1342.0,2909.5,1481.0,3025.5,missing,2340,4160
train_1193.jpg,1687.0,2915.5,1806.0,3031.5,missing,2340,4160
train_1193.jpg,2034.0,3349.5,2145.0,3465.5,missing,2340,4160
train_1193.jpg,1843.0,3507.0,2009.0,3644.0,missing,2340,4160
train_1193.jpg,2009.0,3507.0,2175.0,3644.0,missing,2340,4160
train_1193.jpg,66.0,3048.0,239.0,3220.0,missing,2340,4160
train_1193.jpg,1831.78,1930.35,1985.34,2066.36,missing,2340,4160
train_1193.jpg,1432.52,2319.37,1605.09,2461.24,missing,2340,4160
train_1194.jpg,128.0,250.0,253.0,551.5,missing,2448,3264
train_1194.jpg,161.0,629.0,241.0,936.5,missing,2448,3264
train_1194.jpg,241.0,629.0,321.0,936.5,missing,2448,3264
train_1194.jpg,1832.0,901.5,1923.0,1140.5,missing,2448,3264
train_1194.jpg,1923.0,901.5,2014.0,1140.5,missing,2448,3264
train_1194.jpg,300.0,1021.5,405.0,1291.0,missing,2448,3264
train_1194.jpg,808.0,1011.5,866.0,1284.0,missing,2448,3264
train_1194.jpg,971.0,1005.0,1078.0,1278.5,missing,2448,3264
train_1194.jpg,1388.0,1007.5,1475.0,1282.0,missing,2448,3264
train_1194.jpg,1839.0,1248.5,1945.0,1434.0,missing,2448,3264
train_1194.jpg,607.0,1351.5,702.0,1621.0,missing,2448,3264
train_1194.jpg,437.0,1955.0,603.67,2137.5,missing,2448,3264
train_1194.jpg,603.67,1955.0,770.33,2137.5,missing,2448,3264
train_1194.jpg,770.33,1955.0,937.0,2137.5,missing,2448,3264
train_1194.jpg,508.0,2264.0,593.5,2429.5,missing,2448,3264
train_1194.jpg,593.5,2264.0,679.0,2429.5,missing,2448,3264
train_1194.jpg,2002.0,2211.0,2131.33,2489.0,missing,2448,3264
train_1194.jpg,2135.12,2207.64,2220.8,2490.69,missing,2448,3264
train_1195.jpg,520.0,591.5,688.0,777.0,missing,3024,4032
train_1195.jpg,688.0,591.5,856.0,777.0,missing,3024,4032
train_1195.jpg,1662.0,783.5,1873.0,944.0,missing,3024,4032
train_1195.jpg,1873.0,783.5,2084.0,944.0,missing,3024,4032
train_1195.jpg,894.0,1029.5,1046.5,1181.0,missing,3024,4032
train_1195.jpg,1046.5,1029.5,1199.0,1181.0,missing,3024,4032
train_1195.jpg,434.0,1474.5,604.0,1608.0,missing,3024,4032
train_1195.jpg,160.0,1636.5,377.0,1775.5,missing,3024,4032
train_1195.jpg,557.0,1634.0,740.5,1773.0,missing,3024,4032
train_1195.jpg,740.5,1634.0,924.0,1773.0,missing,3024,4032
train_1195.jpg,924.0,1634.0,1107.5,1773.0,missing,3024,4032
train_1195.jpg,1107.5,1634.0,1291.0,1773.0,missing,3024,4032
train_1195.jpg,1652.0,1630.5,1866.0,1764.0,missing,3024,4032
train_1195.jpg,1201.0,2190.0,1368.0,2271.0,missing,3024,4032
train_1195.jpg,1656.0,2405.0,1828.5,2523.5,missing,3024,4032
train_1195.jpg,1828.5,2405.0,2001.0,2523.5,missing,3024,4032
train_1195.jpg,2149.0,2625.0,2253.0,2754.0,missing,3024,4032
train_1195.jpg,214.0,2768.0,358.67,2900.0,missing,3024,4032
train_1195.jpg,358.67,2768.0,503.33,2900.0,missing,3024,4032
train_1195.jpg,503.33,2768.0,648.0,2900.0,missing,3024,4032
train_1195.jpg,1361.75,2694.95,1514.84,2897.18,missing,3024,4032
train_1195.jpg,1516.73,2696.84,1705.73,2891.51,missing,3024,4032
train_1196.jpg,1444.0,895.5,1623.0,1261.0,missing,3024,3024
train_1196.jpg,936.0,1311.0,1073.0,1684.5,missing,3024,3024
train_1196.jpg,1622.0,1787.0,1873.0,2100.5,missing,3024,3024
train_1196.jpg,2238.0,2159.5,2483.0,2467.5,missing,3024,3024
train_1196.jpg,2892.0,934.0,3023.0,1285.0,missing,3024,3024
train_1197.jpg,680.0,1.5,805.0,161.0,missing,2448,3264
train_1197.jpg,954.0,1073.0,1089.0,1477.0,missing,2448,3264
train_1197.jpg,1795.0,1480.5,1841.0,1582.0,missing,2448,3264
train_1197.jpg,1841.0,1480.5,1887.0,1582.0,missing,2448,3264
train_1197.jpg,1887.0,1480.5,1933.0,1582.0,missing,2448,3264
train_1197.jpg,246.0,1548.5,340.5,1776.0,missing,2448,3264
train_1197.jpg,1677.64,371.33,1740.38,493.73,missing,2448,3264
train_1197.jpg,1740.38,377.45,1796.98,499.85,missing,2448,3264
train_1197.jpg,1798.52,382.04,1864.31,512.09,missing,2448,3264
train_1197.jpg,918.76,1772.81,1076.36,1912.04,missing,2448,3264
train_1197.jpg,886.63,2579.12,1142.14,2736.71,missing,2448,3264
train_1198.jpg,254.0,584.5,325.0,719.0,missing,2448,3264
train_1198.jpg,437.0,482.5,533.0,705.0,missing,2448,3264
train_1198.jpg,875.0,395.5,977.0,679.0,missing,2448,3264
train_1198.jpg,977.0,395.5,1079.0,679.0,missing,2448,3264
train_1198.jpg,321.0,771.0,409.0,1010.5,missing,2448,3264
train_1198.jpg,299.0,1071.0,418.0,1294.0,missing,2448,3264
train_1198.jpg,425.0,1360.0,518.0,1563.5,missing,2448,3264
train_1198.jpg,518.0,1360.0,611.0,1563.5,missing,2448,3264
train_1198.jpg,1570.0,2282.5,1711.0,2485.0,missing,2448,3264
train_1199.jpg,1374.0,757.0,1441.0,921.0,missing,1920,2560
train_1199.jpg,421.0,2227.5,482.0,2393.5,missing,1920,2560
train_1199.jpg,1021.8,2028.64,1197.0,2134.24,missing,1920,2560
train_12.jpg,542.0,697.5,737.0,875.5,missing,2448,3264
train_12.jpg,737.0,697.5,932.0,875.5,missing,2448,3264
train_12.jpg,932.0,697.5,1127.0,875.5,missing,2448,3264
train_12.jpg,1364.0,883.0,1415.0,1024.0,missing,2448,3264
train_12.jpg,1415.0,883.0,1466.0,1024.0,missing,2448,3264
train_12.jpg,1466.0,883.0,1517.0,1024.0,missing,2448,3264
train_12.jpg,1285.0,1993.0,1337.0,2104.5,missing,2448,3264
train_12.jpg,1290.0,2042.5,1342.5,2177.5,missing,2448,3264
train_12.jpg,1274.0,2119.0,1332.0,2236.5,missing,2448,3264
train_12.jpg,1285.0,2245.0,1341.0,2361.5,missing,2448,3264
train_12.jpg,521.0,2732.0,586.0,2918.0,missing,2448,3264
train_12.jpg,305.0,2953.5,429.0,3261.5,missing,2448,3264
train_12.jpg,1811.0,874.0,1870.0,994.0,missing,2448,3264
train_120.jpg,192.0,1711.0,279.0,1980.0,missing,2448,3264
train_120.jpg,921.0,1720.0,1057.0,1971.0,missing,2448,3264
train_120.jpg,1435.0,1660.5,1574.0,1961.5,missing,2448,3264
train_120.jpg,1682.0,2042.5,1798.5,2299.5,missing,2448,3264
train_120.jpg,1798.5,2042.5,1915.0,2299.5,missing,2448,3264
train_120.jpg,535.0,2508.5,666.0,2696.0,missing,2448,3264
train_120.jpg,2302.0,2073.0,2399.0,2290.0,missing,2448,3264
train_1200.jpg,1402.0,1068.0,1533.0,1191.0,missing,2336,4160
train_1200.jpg,1533.0,1068.0,1664.0,1191.0,missing,2336,4160
train_1200.jpg,1664.0,1068.0,1795.0,1191.0,missing,2336,4160
train_1200.jpg,812.0,1358.5,966.0,1597.5,missing,2336,4160
train_1200.jpg,654.0,1808.0,781.5,1917.5,missing,2336,4160
train_1200.jpg,781.5,1808.0,909.0,1917.5,missing,2336,4160
train_1200.jpg,2126.5,2208.5,2236.0,2309.0,missing,2336,4160
train_1200.jpg,662.5,2604.0,770.0,2710.5,missing,2336,4160
train_1200.jpg,671.0,2707.5,768.0,2794.0,missing,2336,4160
train_1200.jpg,1530.0,2663.0,1637.5,2794.0,missing,2336,4160
train_1200.jpg,1389.0,2960.5,1483.0,3083.0,missing,2336,4160
train_1200.jpg,174.0,3308.0,270.0,3534.5,missing,2336,4160
train_1200.jpg,2194.0,3261.0,2283.0,3565.0,missing,2336,4160
train_1203.jpg,1222.25,1241.0,1341.0,1314.5,missing,2340,4160
train_1203.jpg,1475.0,1285.0,1579.0,1357.5,missing,2340,4160
train_1203.jpg,1527.0,1452.5,1689.0,1514.5,missing,2340,4160
train_1203.jpg,1580.0,1511.5,1694.0,1552.5,missing,2340,4160
train_1203.jpg,2017.0,1563.5,2097.0,1689.0,missing,2340,4160
train_1203.jpg,2097.0,1563.5,2177.0,1689.0,missing,2340,4160
train_1203.jpg,2177.0,1563.5,2257.0,1689.0,missing,2340,4160
train_1203.jpg,769.0,1733.0,878.5,1820.0,missing,2340,4160
train_1203.jpg,878.5,1733.0,988.0,1820.0,missing,2340,4160
train_1203.jpg,988.0,1733.0,1097.5,1820.0,missing,2340,4160
train_1203.jpg,1097.5,1733.0,1207.0,1820.0,missing,2340,4160
train_1203.jpg,1330.0,1728.0,1431.0,1803.0,missing,2340,4160
train_1203.jpg,1562.0,1741.0,1687.5,1808.0,missing,2340,4160
train_1203.jpg,1687.5,1741.0,1813.0,1808.0,missing,2340,4160
train_1203.jpg,2042.0,1771.5,2128.0,1879.5,missing,2340,4160
train_1203.jpg,2128.0,1771.5,2214.0,1879.5,missing,2340,4160
train_1203.jpg,958.0,1828.5,1035.0,1929.5,missing,2340,4160
train_1203.jpg,99.0,1838.0,243.0,1975.0,missing,2340,4160
train_1203.jpg,1745.0,1976.5,1789.0,2049.0,missing,2340,4160
train_1203.jpg,2042.0,2196.5,2137.5,2352.0,missing,2340,4160
train_1203.jpg,2137.5,2196.5,2233.0,2352.0,missing,2340,4160
train_1203.jpg,1626.0,2262.5,1674.0,2402.0,missing,2340,4160
train_1203.jpg,1651.0,2496.5,1756.0,2533.0,missing,2340,4160
train_1203.jpg,1861.0,2491.0,1932.0,2535.5,missing,2340,4160
train_1203.jpg,2199.0,2495.5,2252.0,2567.0,missing,2340,4160
train_1203.jpg,1726.0,2555.5,1779.0,2616.5,missing,2340,4160
train_1203.jpg,1865.0,2736.5,1903.0,2846.0,missing,2340,4160
train_1203.jpg,114.0,2762.5,138.0,2898.0,missing,2340,4160
train_1203.jpg,1357.0,3110.0,1472.0,3260.5,missing,2340,4160
train_1203.jpg,1087.0,3243.0,1221.0,3332.5,missing,2340,4160
train_1203.jpg,2033.61,2713.66,2134.52,2810.19,missing,2340,4160
train_1204.jpg,738.0,1695.0,986.25,1825.0,missing,3120,4208
train_1204.jpg,986.25,1695.0,1234.5,1825.0,missing,3120,4208
train_1204.jpg,1234.5,1695.0,1482.75,1825.0,missing,3120,4208
train_1204.jpg,1482.75,1695.0,1731.0,1825.0,missing,3120,4208
train_1204.jpg,2507.0,3151.5,2760.0,3302.5,missing,3120,4208
train_1204.jpg,2817.0,2601.0,3064.0,2712.0,missing,3120,4208
train_1204.jpg,2814.0,2732.0,3050.0,2851.0,missing,3120,4208
train_1204.jpg,2855.78,1850.35,3097.57,2062.9,missing,3120,4208
train_1205.jpg,137.0,1262.0,223.0,1388.0,missing,2448,3264
train_1205.jpg,382.0,1432.5,494.5,1508.0,missing,2448,3264
train_1205.jpg,494.5,1432.5,607.0,1508.0,missing,2448,3264
train_1205.jpg,1807.0,1532.5,1890.0,1673.5,missing,2448,3264
train_1205.jpg,1948.0,1970.5,2035.0,2054.0,missing,2448,3264
train_1205.jpg,1889.0,2074.5,2031.0,2173.5,missing,2448,3264
train_1205.jpg,159.0,2271.5,297.0,2392.0,missing,2448,3264
train_1205.jpg,121.0,2747.0,254.0,2886.0,missing,2448,3264
train_1205.jpg,254.0,2747.0,387.0,2886.0,missing,2448,3264
train_1205.jpg,1942.0,2747.0,2027.0,2856.0,missing,2448,3264
train_1206.jpg,316.0,380.5,365.0,611.0,missing,1920,2560
train_1206.jpg,488.0,391.0,540.0,618.5,missing,1920,2560
train_1206.jpg,532.0,979.0,594.0,1212.5,missing,1920,2560
train_1206.jpg,594.0,979.0,656.0,1212.5,missing,1920,2560
train_1206.jpg,656.0,979.0,718.0,1212.5,missing,1920,2560
train_1206.jpg,1764.0,1281.5,1854.0,1497.0,missing,1920,2560
train_1206.jpg,700.0,1786.5,734.0,1980.0,missing,1920,2560
train_1206.jpg,658.0,2084.5,688.0,2286.5,missing,1920,2560
train_1206.jpg,1756.0,2082.5,1799.0,2321.5,missing,1920,2560
train_1207.jpg,606.0,457.0,780.0,584.0,missing,2448,3264
train_1207.jpg,780.0,457.0,954.0,584.0,missing,2448,3264
train_1207.jpg,443.0,574.5,616.0,700.5,missing,2448,3264
train_1207.jpg,616.0,574.5,789.0,700.5,missing,2448,3264
train_1207.jpg,789.0,574.5,962.0,700.5,missing,2448,3264
train_1207.jpg,298.0,1512.5,487.0,1641.5,missing,2448,3264
train_1207.jpg,487.0,1512.5,676.0,1641.5,missing,2448,3264
train_1207.jpg,676.0,1512.5,865.0,1641.5,missing,2448,3264
train_1207.jpg,1555.0,1547.0,1778.0,1663.5,missing,2448,3264
train_1207.jpg,150.0,1842.5,349.0,1972.0,missing,2448,3264
train_1207.jpg,349.0,1842.5,548.0,1972.0,missing,2448,3264
train_1208.jpg,494.0,460.5,653.0,653.5,missing,2340,4160
train_1208.jpg,775.0,874.0,897.0,1233.5,missing,2340,4160
train_1208.jpg,897.0,874.0,1019.0,1233.5,missing,2340,4160
train_1208.jpg,755.0,1452.0,859.5,1656.0,missing,2340,4160
train_1208.jpg,859.5,1452.0,964.0,1656.0,missing,2340,4160
train_1208.jpg,1264.0,1326.0,1403.0,1640.0,missing,2340,4160
train_1208.jpg,991.0,1714.0,1081.67,2043.0,missing,2340,4160
train_1208.jpg,1081.67,1714.0,1172.33,2043.0,missing,2340,4160
train_1208.jpg,1172.33,1714.0,1263.0,2043.0,missing,2340,4160
train_1208.jpg,1956.0,2113.5,2070.0,2379.0,missing,2340,4160
train_1208.jpg,2070.0,2113.5,2184.0,2379.0,missing,2340,4160
train_1208.jpg,1313.0,2495.0,1409.0,2858.0,missing,2340,4160
train_1208.jpg,258.0,3031.5,335.0,3235.0,missing,2340,4160
train_1208.jpg,1182.0,3462.0,1318.0,3595.0,missing,2340,4160
train_1208.jpg,2130.13,3306.27,2286.62,3572.44,missing,2340,4160
train_1209.jpg,1470.0,2111.5,1528.0,2194.0,missing,1920,2560
train_121.jpg,244.0,2040.0,330.0,2296.0,missing,2448,3264
train_121.jpg,330.0,2040.0,416.0,2296.0,missing,2448,3264
train_121.jpg,1619.0,2459.0,1722.0,2774.0,missing,2448,3264
train_121.jpg,2089.0,2760.5,2218.0,2869.0,missing,2448,3264
train_121.jpg,2218.0,2760.5,2347.0,2869.0,missing,2448,3264
train_1210.jpg,470.0,778.0,657.0,962.0,missing,2448,3264
train_1210.jpg,657.0,778.0,844.0,962.0,missing,2448,3264
train_1210.jpg,829.0,1299.5,934.0,1391.0,missing,2448,3264
train_1210.jpg,1061.0,1291.0,1200.0,1388.0,missing,2448,3264
train_1210.jpg,234.0,1243.0,362.0,1455.5,missing,2448,3264
train_1210.jpg,1464.0,1749.5,1617.0,1842.5,missing,2448,3264
train_1210.jpg,2152.67,1732.0,2325.0,1841.5,missing,2448,3264
train_1210.jpg,362.0,2410.5,472.33,2611.0,missing,2448,3264
train_1210.jpg,472.33,2410.5,582.67,2611.0,missing,2448,3264
train_1210.jpg,582.67,2410.5,693.0,2611.0,missing,2448,3264
train_1211.jpg,1697.0,8.5,1808.5,243.0,missing,2448,3264
train_1211.jpg,1808.5,8.5,1920.0,243.0,missing,2448,3264
train_1211.jpg,2086.0,845.5,2236.0,1164.0,missing,2448,3264
train_1211.jpg,2024.0,1595.5,2184.0,1835.0,missing,2448,3264
train_1211.jpg,1224.0,2234.5,1333.0,2465.0,missing,2448,3264
train_1211.jpg,264.0,2691.0,407.25,2905.0,missing,2448,3264
train_1211.jpg,550.5,2691.0,693.75,2905.0,missing,2448,3264
train_1212.jpg,986.0,504.5,1096.0,584.5,missing,2448,3264
train_1212.jpg,1510.0,614.5,1667.0,716.0,missing,2448,3264
train_1212.jpg,1414.0,1109.5,1565.0,1198.5,missing,2448,3264
train_1212.jpg,1687.0,1115.0,1796.0,1189.0,missing,2448,3264
train_1212.jpg,1780.0,1405.0,1886.0,1499.0,missing,2448,3264
train_1212.jpg,2042.0,1387.5,2208.0,1483.5,missing,2448,3264
train_1212.jpg,1164.0,1704.0,1262.67,1767.0,missing,2448,3264
train_1212.jpg,1262.67,1704.0,1361.33,1767.0,missing,2448,3264
train_1212.jpg,1361.33,1704.0,1460.0,1767.0,missing,2448,3264
train_1212.jpg,2061.0,1855.0,2160.0,2013.0,missing,2448,3264
train_1212.jpg,2068.0,2033.0,2172.0,2157.5,missing,2448,3264
train_1213.jpg,1375.0,741.5,1518.0,899.0,missing,2448,3264
train_1213.jpg,1778.0,1066.5,1857.0,1258.0,missing,2448,3264
train_1213.jpg,1345.0,1460.5,1433.5,1610.0,missing,2448,3264
train_1213.jpg,1433.5,1460.5,1522.0,1610.0,missing,2448,3264
train_1213.jpg,1757.0,2366.0,1827.0,2513.5,missing,2448,3264
train_1214.jpg,1069.0,383.5,1142.0,516.5,missing,2560,1920
train_1214.jpg,1142.0,383.5,1215.0,516.5,missing,2560,1920
train_1214.jpg,1077.0,520.5,1142.0,643.5,missing,2560,1920
train_1214.jpg,1142.0,520.5,1207.0,643.5,missing,2560,1920
train_1214.jpg,2055.0,430.5,2100.0,616.5,missing,2560,1920
train_1214.jpg,1737.0,690.5,1815.0,824.0,missing,2560,1920
train_1214.jpg,1815.0,690.5,1893.0,824.0,missing,2560,1920
train_1214.jpg,119.2,1406.4,346.4,1620.8,missing,2560,1920
train_1215.jpg,1698.0,180.0,1780.0,316.5,missing,1920,2560
train_1215.jpg,1030.0,693.0,1145.0,862.5,missing,1920,2560
train_1215.jpg,1145.0,693.0,1260.0,862.5,missing,1920,2560
train_1215.jpg,1260.0,693.0,1375.0,862.5,missing,1920,2560
train_1215.jpg,199.0,1005.5,333.5,1152.0,missing,1920,2560
train_1215.jpg,333.5,1005.5,468.0,1152.0,missing,1920,2560
train_1215.jpg,468.0,1005.5,602.5,1152.0,missing,1920,2560
train_1215.jpg,602.5,1005.5,737.0,1152.0,missing,1920,2560
train_1215.jpg,981.0,990.0,1098.0,1134.5,missing,1920,2560
train_1215.jpg,1406.0,971.5,1541.0,1116.5,missing,1920,2560
train_1215.jpg,1541.0,971.5,1676.0,1116.5,missing,1920,2560
train_1216.jpg,1720.0,650.5,1851.0,708.0,missing,2560,1920
train_1216.jpg,1161.0,679.5,1210.0,839.5,missing,2560,1920
train_1216.jpg,2284.0,656.5,2353.0,841.5,missing,2560,1920
train_1216.jpg,2353.0,656.5,2422.0,841.5,missing,2560,1920
train_1216.jpg,1647.0,1044.0,1741.0,1099.0,missing,2560,1920
train_1216.jpg,1624.0,1176.5,1719.0,1233.0,missing,2560,1920
train_1216.jpg,1719.0,1176.5,1814.0,1233.0,missing,2560,1920
train_1216.jpg,213.0,1210.0,300.0,1318.0,missing,2560,1920
train_1216.jpg,495.0,1168.0,555.0,1323.0,missing,2560,1920
train_1216.jpg,1982.0,1229.0,2052.0,1322.5,missing,2560,1920
train_1216.jpg,2052.0,1229.0,2122.0,1322.5,missing,2560,1920
train_1216.jpg,95.0,1377.0,221.0,1490.5,missing,2560,1920
train_1216.jpg,1513.0,1381.0,1603.0,1490.5,missing,2560,1920
train_1216.jpg,423.0,1635.0,564.33,1807.0,missing,2560,1920
train_1216.jpg,564.33,1635.0,705.67,1807.0,missing,2560,1920
train_1216.jpg,705.67,1635.0,847.0,1807.0,missing,2560,1920
train_1216.jpg,1255.0,1619.5,1449.0,1793.0,missing,2560,1920
train_1216.jpg,1888.0,1582.5,2052.0,1782.0,missing,2560,1920
train_1216.jpg,2363.0,1578.0,2510.0,1779.0,missing,2560,1920
train_1216.jpg,340.0,394.72,450.4,541.92,missing,2560,1920
train_1216.jpg,240.8,410.72,328.8,548.32,missing,2560,1920
train_1216.jpg,109.6,404.32,220.0,533.92,missing,2560,1920
train_1216.jpg,5.6,397.92,98.4,530.72,missing,2560,1920
train_1217.jpg,1554.0,6.5,1645.0,218.0,missing,2448,3264
train_1217.jpg,571.0,373.5,701.0,649.5,missing,2448,3264
train_1217.jpg,420.0,825.0,559.0,1063.0,missing,2448,3264
train_1217.jpg,889.0,1595.0,1021.0,1837.5,missing,2448,3264
train_1217.jpg,1191.0,1590.0,1310.0,1835.5,missing,2448,3264
train_1217.jpg,1608.0,1605.0,1672.0,1876.0,missing,2448,3264
train_1217.jpg,261.0,2467.5,370.0,2633.5,missing,2448,3264
train_1217.jpg,71.0,829.0,220.0,1066.0,missing,2448,3264
train_1218.jpg,2252.0,187.5,2334.0,591.0,missing,2448,3264
train_1218.jpg,1144.0,843.0,1224.0,1079.5,missing,2448,3264
train_1218.jpg,1224.0,843.0,1304.0,1079.5,missing,2448,3264
train_1218.jpg,685.0,1790.5,768.0,2096.5,missing,2448,3264
train_1219.jpg,1004.0,301.5,1095.0,577.5,missing,2448,3264
train_1219.jpg,251.0,730.0,400.0,950.5,missing,2448,3264
train_1219.jpg,2112.0,840.0,2261.0,1019.0,missing,2448,3264
train_1219.jpg,1708.0,1182.0,1793.0,1338.5,missing,2448,3264
train_1219.jpg,1793.0,1182.0,1878.0,1338.5,missing,2448,3264
train_1219.jpg,1076.0,1490.5,1219.0,1633.0,missing,2448,3264
train_1219.jpg,1883.0,1795.5,1951.0,1949.0,missing,2448,3264
train_1219.jpg,1571.0,2113.5,1667.0,2295.0,missing,2448,3264
train_122.jpg,34.0,1782.0,116.0,1979.0,missing,1920,2560
train_122.jpg,95.0,2158.0,178.0,2332.0,missing,1920,2560
train_122.jpg,3.0,2153.44,94.2,2327.44,missing,1920,2560
train_1220.jpg,565.0,533.5,617.0,677.5,missing,1920,2560
train_1220.jpg,1593.0,457.0,1642.0,614.5,missing,1920,2560
train_1220.jpg,1378.0,810.0,1437.0,1016.5,missing,1920,2560
train_1220.jpg,501.0,1523.0,607.0,1780.5,missing,1920,2560
train_1220.jpg,1277.0,1842.0,1362.0,2086.0,missing,1920,2560
train_1220.jpg,1440.0,1820.5,1515.0,2063.0,missing,1920,2560
train_1220.jpg,1756.0,1761.5,1831.0,2001.5,missing,1920,2560
train_1221.jpg,395.0,1889.5,458.0,2020.5,missing,2340,4160
train_1221.jpg,2046.0,1378.0,2163.0,1477.0,missing,2340,4160
train_1222.jpg,1537.0,885.5,1602.0,1097.0,missing,2448,3264
train_1222.jpg,265.0,1138.0,324.0,1256.0,missing,2448,3264
train_1222.jpg,1298.0,1118.0,1367.0,1355.5,missing,2448,3264
train_1222.jpg,1954.0,1393.0,2010.0,1552.5,missing,2448,3264
train_1222.jpg,2010.0,1393.0,2066.0,1552.5,missing,2448,3264
train_1222.jpg,2312.0,1369.5,2351.0,1523.5,missing,2448,3264
train_1222.jpg,560.0,1527.0,644.0,1656.5,missing,2448,3264
train_1222.jpg,1240.0,1419.5,1303.5,1623.0,missing,2448,3264
train_1222.jpg,1303.5,1419.5,1367.0,1623.0,missing,2448,3264
train_1222.jpg,1605.0,1423.5,1647.0,1597.0,missing,2448,3264
train_1222.jpg,1123.78,2378.69,1220.17,2615.84,missing,2448,3264
train_1224.jpg,341.0,11.5,419.0,334.0,missing,2448,3264
train_1224.jpg,1213.0,423.5,1326.0,740.0,missing,2448,3264
train_1224.jpg,2066.0,544.0,2160.0,771.5,missing,2448,3264
train_1224.jpg,192.0,760.0,353.0,1028.0,missing,2448,3264
train_1224.jpg,353.0,760.0,514.0,1028.0,missing,2448,3264
train_1224.jpg,1006.0,762.5,1118.0,1087.5,missing,2448,3264
train_1224.jpg,494.0,1919.5,561.0,2118.5,missing,2448,3264
train_1224.jpg,2146.0,2296.5,2255.0,2435.0,missing,2448,3264
train_1224.jpg,1552.0,2558.5,1643.0,2800.5,missing,2448,3264
train_1224.jpg,1827.0,2575.0,1904.0,2813.5,missing,2448,3264
train_1224.jpg,5.36,1467.12,283.81,1618.59,missing,2448,3264
train_1224.jpg,856.03,2502.37,926.41,2790.01,missing,2448,3264
train_1225.jpg,160.0,917.5,281.0,1152.5,missing,1920,2560
train_1225.jpg,395.0,913.5,478.0,1152.0,missing,1920,2560
train_1225.jpg,603.0,908.5,751.0,1150.0,missing,1920,2560
train_1225.jpg,580.0,1219.0,677.0,1452.5,missing,1920,2560
train_1225.jpg,1174.0,1559.5,1255.0,1755.5,missing,1920,2560
train_1225.jpg,1617.0,1520.5,1682.0,1704.5,missing,1920,2560
train_1225.jpg,313.0,2193.0,372.0,2380.0,missing,1920,2560
train_1226.jpg,249.0,706.0,353.0,1004.5,missing,2268,4032
train_1226.jpg,448.0,703.5,527.0,1010.5,missing,2268,4032
train_1226.jpg,1531.0,732.5,1620.0,1031.0,missing,2268,4032
train_1226.jpg,1719.0,742.5,1789.0,1038.5,missing,2268,4032
train_1226.jpg,2045.0,739.5,2147.0,1047.0,missing,2268,4032
train_1226.jpg,2037.0,1310.0,2142.0,1548.0,missing,2268,4032
train_1226.jpg,1455.0,1726.0,1542.0,2012.5,missing,2268,4032
train_1226.jpg,134.0,2651.5,208.0,2866.5,missing,2268,4032
train_1226.jpg,1199.0,3002.5,1257.0,3249.5,missing,2268,4032
train_1226.jpg,1454.0,2968.5,1547.0,3226.5,missing,2268,4032
train_1226.jpg,1866.0,3019.0,1975.0,3260.5,missing,2268,4032
train_1226.jpg,1975.0,3019.0,2084.0,3260.5,missing,2268,4032
train_1226.jpg,77.0,2093.0,290.0,2180.0,missing,2268,4032
train_1227.jpg,288.0,1370.5,357.5,1464.0,missing,2448,3264
train_1227.jpg,357.5,1370.5,427.0,1464.0,missing,2448,3264
train_1227.jpg,1811.0,1355.0,1874.0,1518.0,missing,2448,3264
train_1227.jpg,1156.0,1575.0,1250.0,1693.0,missing,2448,3264
train_1227.jpg,1250.0,1575.0,1344.0,1693.0,missing,2448,3264
train_1227.jpg,1385.0,2109.0,1533.33,2210.0,missing,2448,3264
train_1227.jpg,1533.33,2109.0,1681.67,2210.0,missing,2448,3264
train_1227.jpg,423.05,1840.44,562.27,1950.6,missing,2448,3264
train_1227.jpg,563.81,1841.97,698.45,1987.32,missing,2448,3264
train_1228.jpg,1828.0,1084.5,1972.0,1408.5,missing,2448,3264
train_1228.jpg,310.0,2073.0,405.0,2268.5,missing,2448,3264
train_1228.jpg,2223.86,1880.52,2323.31,2146.74,missing,2448,3264
train_1228.jpg,2334.02,1878.69,2442.64,2155.62,missing,2448,3264
train_1229.jpg,2030.0,934.5,2138.0,1161.5,missing,2448,3264
train_1229.jpg,153.0,1304.5,224.0,1623.5,missing,2448,3264
train_1229.jpg,278.0,1688.0,355.0,1971.0,missing,2448,3264
train_1229.jpg,2241.0,1940.0,2312.0,2225.0,missing,2448,3264
train_123.jpg,753.0,89.0,910.0,454.5,missing,2448,3264
train_123.jpg,370.0,1286.0,405.5,1557.5,missing,2448,3264
train_123.jpg,405.5,1286.0,441.0,1557.5,missing,2448,3264
train_123.jpg,248.0,2041.5,346.0,2175.5,missing,2448,3264
train_123.jpg,604.0,2053.5,692.5,2192.5,missing,2448,3264
train_123.jpg,1960.0,1984.0,2024.0,2214.5,missing,2448,3264
train_123.jpg,1532.0,2135.0,1594.0,2329.0,missing,2448,3264
train_123.jpg,620.0,2343.0,689.0,2453.0,missing,2448,3264
train_123.jpg,689.0,2343.0,758.0,2453.0,missing,2448,3264
train_123.jpg,-33.0,306.0,40.0,644.0,missing,2448,3264
train_123.jpg,1174.27,46.97,1322.68,360.62,missing,2448,3264
train_123.jpg,1030.46,60.74,1165.1,400.4,missing,2448,3264
train_123.jpg,2194.79,1451.51,2352.38,1899.8,missing,2448,3264
train_1230.jpg,788.0,200.0,857.0,452.5,missing,1920,2560
train_1230.jpg,166.0,538.0,251.0,775.5,missing,1920,2560
train_1230.jpg,752.0,535.0,814.0,810.0,missing,1920,2560
train_1230.jpg,1489.0,580.0,1542.0,841.0,missing,1920,2560
train_1230.jpg,1610.0,588.0,1668.0,835.5,missing,1920,2560
train_1230.jpg,1668.0,588.0,1726.0,835.5,missing,1920,2560
train_1230.jpg,150.0,872.0,258.5,1157.0,missing,1920,2560
train_1230.jpg,258.5,872.0,367.0,1157.0,missing,1920,2560
train_1230.jpg,1705.0,1219.0,1758.0,1458.0,missing,1920,2560
train_1231.jpg,305.0,622.5,344.0,861.5,missing,1920,2560
train_1231.jpg,549.0,646.0,579.0,873.5,missing,1920,2560
train_1231.jpg,699.0,652.0,728.0,889.0,missing,1920,2560
train_1231.jpg,782.0,648.0,814.0,895.0,missing,1920,2560
train_1231.jpg,865.0,644.0,900.0,880.5,missing,1920,2560
train_1231.jpg,943.0,637.5,986.0,871.0,missing,1920,2560
train_1231.jpg,1021.0,637.5,1061.0,878.5,missing,1920,2560
train_1231.jpg,1183.0,640.0,1237.0,879.0,missing,1920,2560
train_1231.jpg,1346.0,646.0,1390.0,880.5,missing,1920,2560
train_1231.jpg,1576.0,644.5,1624.0,898.0,missing,1920,2560
train_1231.jpg,1729.0,654.0,1765.0,897.0,missing,1920,2560
train_1231.jpg,1820.0,639.0,1855.0,891.5,missing,1920,2560
train_1231.jpg,384.0,1006.5,420.0,1159.5,missing,1920,2560
train_1231.jpg,471.0,1002.0,492.5,1172.5,missing,1920,2560
train_1231.jpg,492.5,1002.0,514.0,1172.5,missing,1920,2560
train_1231.jpg,547.0,995.0,576.0,1183.0,missing,1920,2560
train_1231.jpg,815.0,999.5,834.0,1187.5,missing,1920,2560
train_1231.jpg,868.0,1006.5,907.0,1185.5,missing,1920,2560
train_1231.jpg,949.0,1008.5,979.0,1178.5,missing,1920,2560
train_1231.jpg,1024.0,1016.5,1056.0,1182.5,missing,1920,2560
train_1231.jpg,1101.0,1019.5,1122.0,1186.5,missing,1920,2560
train_1231.jpg,1122.0,1019.5,1143.0,1186.5,missing,1920,2560
train_1231.jpg,1320.0,1020.0,1348.0,1185.0,missing,1920,2560
train_1231.jpg,1348.0,1020.0,1376.0,1185.0,missing,1920,2560
train_1231.jpg,1429.0,1020.0,1448.0,1196.0,missing,1920,2560
train_1231.jpg,1550.0,995.5,1570.5,1205.5,missing,1920,2560
train_1231.jpg,1570.5,995.5,1591.0,1205.5,missing,1920,2560
train_1231.jpg,159.0,1383.0,219.0,1523.0,missing,1920,2560
train_1232.jpg,1914.0,384.0,2014.0,454.5,missing,2448,3264
train_1232.jpg,1611.0,678.5,1684.0,988.5,missing,2448,3264
train_1232.jpg,1684.0,678.5,1757.0,988.5,missing,2448,3264
train_1232.jpg,1757.0,678.5,1830.0,988.5,missing,2448,3264
train_1232.jpg,2019.0,802.0,2064.0,977.0,missing,2448,3264
train_1232.jpg,1333.0,1187.5,1413.0,1289.5,missing,2448,3264
train_1232.jpg,1413.0,1187.5,1493.0,1289.5,missing,2448,3264
train_1232.jpg,694.0,1273.0,763.0,1373.0,missing,2448,3264
train_1232.jpg,763.0,1273.0,832.0,1373.0,missing,2448,3264
train_1232.jpg,965.5,1260.5,1036.0,1380.0,missing,2448,3264
train_1232.jpg,1168.0,1266.0,1227.0,1384.5,missing,2448,3264
train_1232.jpg,1346.0,1241.0,1432.75,1391.0,missing,2448,3264
train_1232.jpg,403.0,1673.0,464.0,1820.0,missing,2448,3264
train_1232.jpg,1518.0,1907.0,1607.0,2123.5,missing,2448,3264
train_1232.jpg,1464.0,2196.5,1525.0,2292.0,missing,2448,3264
train_1232.jpg,2006.0,2146.5,2066.0,2415.5,missing,2448,3264
train_1232.jpg,2186.0,2146.5,2246.0,2415.5,missing,2448,3264
train_1232.jpg,1009.0,2425.0,1071.0,2602.0,missing,2448,3264
train_1232.jpg,1790.0,2985.5,1918.0,3191.5,missing,2448,3264
train_1232.jpg,2020.0,2882.0,2107.0,3218.0,missing,2448,3264
train_1232.jpg,491.89,1518.22,550.04,1672.75,missing,2448,3264
train_1232.jpg,456.7,1490.68,507.19,1674.28,missing,2448,3264
train_1232.jpg,830.02,1772.56,917.24,2000.53,missing,2448,3264
train_1232.jpg,885.11,2679.85,1105.42,2969.02,missing,2448,3264
train_1232.jpg,1123.78,2724.22,1223.24,3024.1,missing,2448,3264
train_1232.jpg,1691.41,2259.1,1833.7,2513.08,missing,2448,3264
train_1233.jpg,1327.0,317.5,1484.0,393.0,missing,1920,2560
train_1233.jpg,752.0,1877.5,916.0,1939.5,missing,1920,2560
train_1233.jpg,955.0,2178.5,1095.0,2307.0,missing,1920,2560
train_1234.jpg,192.0,212.5,387.33,344.0,missing,3104,4192
train_1234.jpg,387.33,212.5,582.67,344.0,missing,3104,4192
train_1234.jpg,582.67,212.5,778.0,344.0,missing,3104,4192
train_1234.jpg,467.0,386.5,612.5,497.5,missing,3104,4192
train_1234.jpg,612.5,386.5,758.0,497.5,missing,3104,4192
train_1234.jpg,1789.0,321.0,1979.25,537.5,missing,3104,4192
train_1234.jpg,1979.25,321.0,2169.5,537.5,missing,3104,4192
train_1234.jpg,2169.5,321.0,2359.75,537.5,missing,3104,4192
train_1234.jpg,2359.75,321.0,2550.0,537.5,missing,3104,4192
train_1234.jpg,233.0,985.5,425.0,1143.5,missing,3104,4192
train_1234.jpg,1771.0,1008.5,1954.0,1136.5,missing,3104,4192
train_1234.jpg,1954.0,1008.5,2137.0,1136.5,missing,3104,4192
train_1234.jpg,2137.0,1008.5,2320.0,1136.5,missing,3104,4192
train_1234.jpg,2320.0,1008.5,2503.0,1136.5,missing,3104,4192
train_1234.jpg,733.0,1487.0,1056.5,1694.0,missing,3104,4192
train_1234.jpg,2056.0,2024.0,2256.5,2160.0,missing,3104,4192
train_1234.jpg,2256.5,2024.0,2457.0,2160.0,missing,3104,4192
train_1234.jpg,361.0,2480.0,476.0,2596.0,missing,3104,4192
train_1234.jpg,732.0,2544.0,870.0,2623.0,missing,3104,4192
train_1234.jpg,377.0,2564.5,557.0,2673.0,missing,3104,4192
train_1234.jpg,116.0,2953.0,471.33,3083.5,missing,3104,4192
train_1234.jpg,471.33,2953.0,826.67,3083.5,missing,3104,4192
train_1234.jpg,701.0,3419.5,1003.0,3539.0,missing,3104,4192
train_1234.jpg,1457.0,3406.5,1667.25,3528.0,missing,3104,4192
train_1234.jpg,1667.25,3406.5,1877.5,3528.0,missing,3104,4192
train_1234.jpg,2664.0,2958.0,2980.0,3097.0,missing,3104,4192
train_1235.jpg,898.0,1889.5,1001.0,2008.5,missing,1920,2560
train_1235.jpg,1522.0,2336.5,1682.0,2516.5,missing,1920,2560
train_1236.jpg,1935.0,293.0,2014.0,706.5,missing,2448,3264
train_1236.jpg,1016.0,860.5,1061.0,903.5,missing,2448,3264
train_1236.jpg,1288.0,841.5,1344.75,1148.0,missing,2448,3264
train_1236.jpg,1344.75,841.5,1401.5,1148.0,missing,2448,3264
train_1236.jpg,1401.5,841.5,1458.25,1148.0,missing,2448,3264
train_1236.jpg,1458.25,841.5,1515.0,1148.0,missing,2448,3264
train_1236.jpg,2360.0,1278.5,2397.0,1371.0,missing,2448,3264
train_1236.jpg,2126.0,1336.0,2156.0,1416.0,missing,2448,3264
train_1236.jpg,1515.0,1412.0,1598.0,1593.0,missing,2448,3264
train_1236.jpg,843.5,1675.0,1029.25,1829.5,missing,2448,3264
train_1236.jpg,757.75,2100.5,918.5,2235.5,missing,2448,3264
train_1237.jpg,1913.0,207.5,1984.0,565.0,missing,2448,3264
train_1237.jpg,654.0,1816.0,745.75,1870.5,missing,2448,3264
train_1237.jpg,745.75,1816.0,837.5,1870.5,missing,2448,3264
train_1237.jpg,837.5,1816.0,929.25,1870.5,missing,2448,3264
train_1237.jpg,929.25,1816.0,1021.0,1870.5,missing,2448,3264
train_1237.jpg,151.0,1947.0,263.0,2013.0,missing,2448,3264
train_1237.jpg,263.0,1947.0,375.0,2013.0,missing,2448,3264
train_1237.jpg,487.0,1947.0,599.0,2013.0,missing,2448,3264
train_1237.jpg,748.0,1998.0,904.0,2072.0,missing,2448,3264
train_1237.jpg,1706.0,2037.0,1851.0,2219.0,missing,2448,3264
train_1237.jpg,1851.0,2037.0,1996.0,2219.0,missing,2448,3264
train_1237.jpg,1824.0,990.0,1919.0,1041.0,missing,2448,3264
train_1237.jpg,2003.54,1299.74,2184.08,1438.97,missing,2448,3264
train_1237.jpg,1849.01,1717.43,2101.45,1896.44,missing,2448,3264
train_1237.jpg,889.7,2616.15,1347.16,2790.57,missing,2448,3264
train_1237.jpg,369.5,2388.18,886.63,2764.56,missing,2448,3264
train_1238.jpg,540.0,11.0,628.5,216.5,missing,2448,3264
train_1238.jpg,628.5,11.0,717.0,216.5,missing,2448,3264
train_1238.jpg,1669.0,16.0,1777.0,214.5,missing,2448,3264
train_1238.jpg,1890.0,0.0,1974.0,214.5,missing,2448,3264
train_1238.jpg,258.0,302.0,329.0,581.5,missing,2448,3264
train_1238.jpg,1079.0,287.0,1171.0,584.5,missing,2448,3264
train_1238.jpg,1481.0,300.5,1567.0,579.5,missing,2448,3264
train_1238.jpg,1685.0,286.5,1811.0,587.0,missing,2448,3264
train_1238.jpg,2016.0,289.5,2122.0,577.0,missing,2448,3264
train_1238.jpg,2003.0,663.5,2122.0,914.0,missing,2448,3264
train_1238.jpg,2249.0,661.0,2337.0,915.0,missing,2448,3264
train_1238.jpg,1474.0,1031.5,1583.25,1235.0,missing,2448,3264
train_1238.jpg,1583.25,1031.5,1692.5,1235.0,missing,2448,3264
train_1238.jpg,1692.5,1031.5,1801.75,1235.0,missing,2448,3264
train_1238.jpg,1801.75,1031.5,1911.0,1235.0,missing,2448,3264
train_1238.jpg,1299.0,1292.5,1438.0,1598.5,missing,2448,3264
train_1238.jpg,1438.0,1292.5,1577.0,1598.5,missing,2448,3264
train_1238.jpg,1577.0,1292.5,1716.0,1598.5,missing,2448,3264
train_1238.jpg,1878.0,1298.5,2024.0,1596.0,missing,2448,3264
train_1238.jpg,2024.0,1298.5,2170.0,1596.0,missing,2448,3264
train_1238.jpg,2170.0,1298.5,2316.0,1596.0,missing,2448,3264
train_1238.jpg,1403.0,1672.0,1553.0,1958.0,missing,2448,3264
train_1238.jpg,1553.0,1672.0,1703.0,1958.0,missing,2448,3264
train_1238.jpg,1703.0,1672.0,1853.0,1958.0,missing,2448,3264
train_1238.jpg,1853.0,1672.0,2003.0,1958.0,missing,2448,3264
train_1238.jpg,1354.0,2039.0,1541.0,2317.0,missing,2448,3264
train_1238.jpg,1541.0,2039.0,1728.0,2317.0,missing,2448,3264
train_1238.jpg,433.75,649.79,560.75,922.13,missing,2448,3264
train_1238.jpg,594.4,631.43,755.05,925.19,missing,2448,3264
train_1238.jpg,774.95,634.49,953.96,925.19,missing,2448,3264
train_1238.jpg,1382.36,658.97,1561.37,931.31,missing,2448,3264
train_1238.jpg,960.08,636.02,1117.66,931.31,missing,2448,3264
train_1238.jpg,2084.63,2031.08,2396.74,2335.55,missing,2448,3264
train_1239.jpg,1493.0,878.0,1518.0,966.5,missing,1920,2560
train_1239.jpg,224.0,1324.0,281.0,1571.5,missing,1920,2560
train_124.jpg,177.0,1139.0,225.0,1195.0,missing,1920,2560
train_124.jpg,204.0,1356.5,316.0,1567.5,missing,1920,2560
train_124.jpg,1595.0,1620.0,1693.0,1875.5,missing,1920,2560
train_1240.jpg,600.0,1327.0,697.0,1416.0,missing,2448,3264
train_1240.jpg,1249.0,1278.0,1362.0,1421.0,missing,2448,3264
train_1240.jpg,2127.0,1266.0,2216.0,1455.5,missing,2448,3264
train_1240.jpg,2216.0,1266.0,2305.0,1455.5,missing,2448,3264
train_1240.jpg,188.0,1533.0,272.0,1759.5,missing,2448,3264
train_1240.jpg,622.0,1606.0,682.0,1777.0,missing,2448,3264
train_1240.jpg,1499.0,1673.0,1567.0,1788.5,missing,2448,3264
train_1240.jpg,1116.0,1988.0,1190.25,2120.0,missing,2448,3264
train_1240.jpg,1190.25,1988.0,1264.5,2120.0,missing,2448,3264
train_1240.jpg,1264.5,1988.0,1338.75,2120.0,missing,2448,3264
train_1240.jpg,1338.75,1988.0,1413.0,2120.0,missing,2448,3264
train_1240.jpg,1558.0,1945.0,1609.0,2126.5,missing,2448,3264
train_1240.jpg,2077.25,2677.0,2153.0,2844.5,missing,2448,3264
train_1241.jpg,539.0,346.5,669.0,426.5,missing,2448,3264
train_1241.jpg,2164.0,485.5,2246.0,704.5,missing,2448,3264
train_1241.jpg,1676.0,737.5,1804.0,886.5,missing,2448,3264
train_1241.jpg,1028.0,830.0,1065.0,1093.5,missing,2448,3264
train_1241.jpg,2163.0,837.5,2230.0,1049.5,missing,2448,3264
train_1241.jpg,2230.0,837.5,2297.0,1049.5,missing,2448,3264
train_1241.jpg,2120.0,1199.5,2187.0,1359.5,missing,2448,3264
train_1241.jpg,2187.0,1199.5,2254.0,1359.5,missing,2448,3264
train_1241.jpg,2117.0,1463.5,2176.0,1666.0,missing,2448,3264
train_1241.jpg,979.0,1853.5,1053.0,1928.5,missing,2448,3264
train_1241.jpg,2106.0,1753.5,2188.0,1955.0,missing,2448,3264
train_1242.jpg,388.0,567.5,621.0,704.5,missing,1920,2560
train_1242.jpg,1438.0,595.0,1598.0,702.0,missing,1920,2560
train_1242.jpg,773.0,1245.0,983.0,1367.0,missing,1920,2560
train_1242.jpg,1164.0,1242.5,1353.0,1362.5,missing,1920,2560
train_1242.jpg,397.0,2293.0,576.0,2386.5,missing,1920,2560
train_1242.jpg,71.0,1881.0,249.0,2001.0,missing,1920,2560
train_1243.jpg,1700.0,1125.5,1817.0,1265.0,missing,2448,3264
train_1243.jpg,227.0,1178.5,325.5,1445.5,missing,2448,3264
train_1243.jpg,325.5,1178.5,424.0,1445.5,missing,2448,3264
train_1243.jpg,146.0,1608.0,285.0,1882.5,missing,2448,3264
train_1243.jpg,936.0,2452.5,1020.0,2708.5,missing,2448,3264
train_1244.jpg,443.0,728.0,494.0,836.0,missing,2448,3264
train_1244.jpg,1123.0,731.0,1169.0,985.5,missing,2448,3264
train_1244.jpg,1348.0,702.5,1410.0,989.5,missing,2448,3264
train_1244.jpg,754.0,1438.0,805.0,1596.0,missing,2448,3264
train_1244.jpg,933.0,1719.5,1033.0,1874.5,missing,2448,3264
train_1244.jpg,1969.0,1817.5,2021.0,2089.0,missing,2448,3264
train_1244.jpg,574.0,2007.0,634.0,2177.0,missing,2448,3264
train_1244.jpg,1677.0,2227.5,1727.0,2490.0,missing,2448,3264
train_1245.jpg,1312.0,1064.5,1409.0,1213.0,missing,1920,2560
train_1245.jpg,852.0,1474.0,932.0,1605.0,missing,1920,2560
train_1245.jpg,1775.4,1589.4,1873.8,1795.8,missing,1920,2560
train_1246.jpg,223.0,1348.5,292.0,1543.5,missing,2340,4160
train_1246.jpg,427.0,1729.5,482.0,1962.0,missing,2340,4160
train_1246.jpg,1570.0,1774.5,1640.0,1978.5,missing,2340,4160
train_1246.jpg,1640.0,1774.5,1710.0,1978.5,missing,2340,4160
train_1246.jpg,919.18,2122.81,992.31,2334.88,missing,2340,4160
train_1247.jpg,1739.0,801.5,1807.0,898.0,missing,1920,2560
train_1247.jpg,1807.0,801.5,1875.0,898.0,missing,1920,2560
train_1247.jpg,1053.0,1011.0,1147.0,1084.5,missing,1920,2560
train_1247.jpg,164.0,1333.0,247.67,1465.5,missing,1920,2560
train_1247.jpg,247.67,1333.0,331.33,1465.5,missing,1920,2560
train_1247.jpg,331.33,1333.0,415.0,1465.5,missing,1920,2560
train_1247.jpg,1542.0,1546.0,1633.0,1683.0,missing,1920,2560
train_1247.jpg,1633.0,1546.0,1724.0,1683.0,missing,1920,2560
train_1247.jpg,129.0,1756.5,207.0,1901.0,missing,1920,2560
train_1247.jpg,911.0,1749.5,991.0,1885.5,missing,1920,2560
train_1247.jpg,791.0,1997.5,872.0,2145.5,missing,1920,2560
train_1247.jpg,-132.0,2020.0,0.0,2151.0,missing,1920,2560
train_1247.jpg,1168.2,500.04,1359.0,684.84,missing,1920,2560
train_1248.jpg,1322.0,1233.5,1496.0,1344.5,missing,3024,4032
train_1248.jpg,2449.75,1572.5,2625.0,1682.5,missing,3024,4032
train_1248.jpg,1297.0,1937.0,1466.0,2103.0,missing,3024,4032
train_1249.jpg,1929.0,53.5,2046.0,241.5,missing,3024,3024
train_1249.jpg,863.0,1205.5,1125.67,1255.5,missing,3024,3024
train_1249.jpg,1125.67,1205.5,1388.33,1255.5,missing,3024,3024
train_1249.jpg,1388.33,1205.5,1651.0,1255.5,missing,3024,3024
train_1249.jpg,2336.0,1620.0,2388.33,1700.0,missing,3024,3024
train_1249.jpg,2388.33,1620.0,2440.67,1700.0,missing,3024,3024
train_1249.jpg,2440.67,1620.0,2493.0,1700.0,missing,3024,3024
train_1249.jpg,1183.0,2022.0,1251.0,2105.5,missing,3024,3024
train_1249.jpg,1251.0,2022.0,1319.0,2105.5,missing,3024,3024
train_1249.jpg,1319.0,2022.0,1387.0,2105.5,missing,3024,3024
train_1249.jpg,1683.0,2349.5,1811.0,2529.5,missing,3024,3024
train_1249.jpg,1811.0,2349.5,1939.0,2529.5,missing,3024,3024
train_1249.jpg,266.0,2798.5,312.0,2909.5,missing,3024,3024
train_1249.jpg,671.89,900.96,845.77,1118.31,missing,3024,3024
train_125.jpg,527.0,528.0,657.0,818.5,missing,2448,3264
train_125.jpg,378.33,1417.0,480.67,1568.5,missing,2448,3264
train_125.jpg,455.0,1661.5,775.0,1768.0,missing,2448,3264
train_125.jpg,1723.75,1616.0,1957.0,1794.5,missing,2448,3264
train_125.jpg,1893.0,1827.5,1984.0,1968.5,missing,2448,3264
train_125.jpg,1897.0,1864.5,1984.0,2055.5,missing,2448,3264
train_125.jpg,1655.0,2501.0,1727.0,2633.0,missing,2448,3264
train_125.jpg,1727.0,2501.0,1799.0,2633.0,missing,2448,3264
train_125.jpg,1799.0,2501.0,1871.0,2633.0,missing,2448,3264
train_125.jpg,419.0,2735.5,509.0,2932.0,missing,2448,3264
train_125.jpg,613.0,2690.5,702.33,2894.5,missing,2448,3264
train_125.jpg,702.33,2690.5,791.67,2894.5,missing,2448,3264
train_125.jpg,791.67,2690.5,881.0,2894.5,missing,2448,3264
train_125.jpg,1475.68,2682.91,1556.78,2866.51,missing,2448,3264
train_125.jpg,1558.31,2675.26,1637.87,2861.92,missing,2448,3264
train_125.jpg,1643.98,2670.67,1718.95,2858.86,missing,2448,3264
train_1250.jpg,2010.0,509.0,2226.0,655.0,missing,2336,4160
train_1250.jpg,854.0,808.0,938.33,862.0,missing,2336,4160
train_1250.jpg,938.33,808.0,1022.67,862.0,missing,2336,4160
train_1250.jpg,1022.67,808.0,1107.0,862.0,missing,2336,4160
train_1250.jpg,854.0,871.5,1126.0,928.0,missing,2336,4160
train_1250.jpg,525.0,1084.5,687.0,1212.5,missing,2336,4160
train_1250.jpg,689.0,1412.0,766.67,1647.0,missing,2336,4160
train_1250.jpg,766.67,1412.0,844.33,1647.0,missing,2336,4160
train_1250.jpg,844.33,1412.0,922.0,1647.0,missing,2336,4160
train_1250.jpg,461.0,1787.5,567.5,2077.5,missing,2336,4160
train_1250.jpg,567.5,1787.5,674.0,2077.5,missing,2336,4160
train_1250.jpg,1207.0,1841.5,1298.0,2076.5,missing,2336,4160
train_1250.jpg,1875.0,1822.5,1953.0,2058.5,missing,2336,4160
train_1250.jpg,2051.0,1803.5,2182.0,2058.5,missing,2336,4160
train_1250.jpg,309.0,2102.5,496.0,2243.5,missing,2336,4160
train_1250.jpg,321.0,2487.5,458.5,2616.0,missing,2336,4160
train_1250.jpg,458.5,2487.5,596.0,2616.0,missing,2336,4160
train_1250.jpg,596.0,2487.5,733.5,2616.0,missing,2336,4160
train_1250.jpg,733.5,2487.5,871.0,2616.0,missing,2336,4160
train_1250.jpg,1864.0,2547.5,1966.0,2732.0,missing,2336,4160
train_1250.jpg,2104.0,2843.5,2169.0,3016.0,missing,2336,4160
train_1251.jpg,452.0,531.5,484.0,697.5,missing,2448,3264
train_1251.jpg,2328.0,622.0,2374.0,744.0,missing,2448,3264
train_1251.jpg,1290.0,1157.5,1414.0,1376.5,missing,2448,3264
train_1252.jpg,399.0,1387.0,578.0,1488.5,missing,2340,4160
train_1252.jpg,1610.0,1343.5,1748.0,1467.0,missing,2340,4160
train_1252.jpg,589.0,2915.0,650.0,3162.0,missing,2340,4160
train_1252.jpg,1017.0,2916.5,1141.0,3187.0,missing,2340,4160
train_1252.jpg,367.82,2021.61,465.81,2274.62,missing,2340,4160
train_1252.jpg,218.64,2009.62,366.36,2287.49,missing,2340,4160
train_1253.jpg,573.0,598.5,626.0,817.5,missing,1920,2560
train_1254.jpg,664.0,2199.5,716.5,2303.0,missing,2448,3264
train_1254.jpg,716.5,2199.5,769.0,2303.0,missing,2448,3264
train_1254.jpg,1472.0,2167.5,1523.0,2272.5,missing,2448,3264
train_1254.jpg,1167.0,2434.0,1219.0,2592.0,missing,2448,3264
train_1255.jpg,1923.0,839.5,1993.0,1207.5,missing,2448,3264
train_1255.jpg,2195.0,1776.5,2239.0,1933.5,missing,2448,3264
train_1255.jpg,1974.46,2135.42,2098.39,2299.13,missing,2448,3264
train_1256.jpg,785.0,783.5,849.0,1039.0,missing,1920,2560
train_1256.jpg,961.0,819.5,1021.0,1038.5,missing,1920,2560
train_1256.jpg,1445.0,1142.0,1533.0,1374.0,missing,1920,2560
train_1256.jpg,1117.0,1472.0,1219.0,1709.5,missing,1920,2560
train_1256.jpg,1508.0,1474.5,1605.0,1707.0,missing,1920,2560
train_1256.jpg,902.0,1821.0,1010.0,2019.0,missing,1920,2560
train_1256.jpg,1603.0,1786.5,1701.0,2037.0,missing,1920,2560
train_1256.jpg,395.0,2117.0,488.0,2305.0,missing,1920,2560
train_1257.jpg,2127.0,1398.0,2175.0,1644.5,missing,2448,3264
train_1257.jpg,2391.0,984.0,2475.0,1248.0,missing,2448,3264
train_1258.jpg,1343.0,495.0,1502.0,732.5,missing,1920,2560
train_1258.jpg,950.0,818.0,1272.5,897.0,missing,1920,2560
train_1258.jpg,1272.5,818.0,1595.0,897.0,missing,1920,2560
train_1258.jpg,124.0,2101.0,315.33,2149.0,missing,1920,2560
train_1258.jpg,315.33,2101.0,506.67,2149.0,missing,1920,2560
train_1258.jpg,969.0,2093.5,1213.0,2141.5,missing,1920,2560
train_1258.jpg,966.0,2137.0,1226.0,2186.5,missing,1920,2560
train_1258.jpg,961.0,2194.0,1223.0,2234.0,missing,1920,2560
train_1259.jpg,381.33,920.0,563.67,1004.5,missing,1920,2560
train_1259.jpg,464.0,947.0,598.0,1024.0,missing,1920,2560
train_1259.jpg,469.0,1013.5,600.0,1089.0,missing,1920,2560
train_1259.jpg,798.0,1928.5,969.0,2006.0,missing,1920,2560
train_126.jpg,811.0,1545.5,892.0,1702.5,missing,1920,2560
train_126.jpg,693.0,1871.0,823.67,2097.0,missing,1920,2560
train_126.jpg,1090.0,2070.0,1204.0,2265.5,missing,1920,2560
train_126.jpg,1430.0,1983.5,1533.0,2242.5,missing,1920,2560
train_126.jpg,923.4,1104.6,1018.2,1307.4,missing,1920,2560
train_126.jpg,1026.6,1114.2,1121.4,1366.2,missing,1920,2560
train_126.jpg,1127.4,1150.2,1235.4,1427.4,missing,1920,2560
train_126.jpg,1269.0,1261.8,1417.8,1527.0,missing,1920,2560
train_1260.jpg,806.0,2031.5,902.0,2087.5,missing,1920,2560
train_1260.jpg,496.0,2084.5,596.0,2148.0,missing,1920,2560
train_1260.jpg,596.0,2084.5,696.0,2148.0,missing,1920,2560
train_1260.jpg,482.5,2174.5,587.0,2228.5,missing,1920,2560
train_1261.jpg,1310.0,8.5,1450.0,160.5,missing,2560,1920
train_1261.jpg,1450.0,8.5,1590.0,160.5,missing,2560,1920
train_1261.jpg,1590.0,8.5,1730.0,160.5,missing,2560,1920
train_1261.jpg,1730.0,8.5,1870.0,160.5,missing,2560,1920
train_1261.jpg,524.0,170.0,646.0,385.5,missing,2560,1920
train_1261.jpg,2198.0,225.0,2300.0,391.5,missing,2560,1920
train_1261.jpg,1740.0,528.0,1863.0,616.5,missing,2560,1920
train_1261.jpg,1595.0,708.5,1690.0,820.5,missing,2560,1920
train_1261.jpg,1690.0,708.5,1785.0,820.5,missing,2560,1920
train_1261.jpg,1277.0,886.0,1341.0,1049.0,missing,2560,1920
train_1261.jpg,1431.0,887.5,1543.0,1058.5,missing,2560,1920
train_1261.jpg,64.0,1224.5,197.0,1439.0,missing,2560,1920
train_1261.jpg,914.0,1237.5,1002.0,1410.5,missing,2560,1920
train_1261.jpg,546.0,1521.5,667.0,1741.0,missing,2560,1920
train_1261.jpg,1725.0,1484.5,1797.0,1706.5,missing,2560,1920
train_1261.jpg,1889.0,1478.5,1965.0,1697.0,missing,2560,1920
train_1261.jpg,1965.0,1478.5,2041.0,1697.0,missing,2560,1920
train_1261.jpg,2103.0,1267.0,2222.0,1388.0,missing,2560,1920
train_1261.jpg,4.0,971.2,69.6,1184.0,missing,2560,1920
train_1262.jpg,1725.0,907.0,1814.0,1044.0,missing,2448,3264
train_1262.jpg,244.0,2738.0,387.0,2804.0,missing,2448,3264
train_1262.jpg,583.0,2620.0,687.67,2774.5,missing,2448,3264
train_1263.jpg,146.0,1425.5,348.0,1514.5,missing,1920,2560
train_1263.jpg,1470.0,1693.0,1584.0,1725.5,missing,1920,2560
train_1263.jpg,1584.0,1693.0,1698.0,1725.5,missing,1920,2560
train_1263.jpg,1452.0,1707.5,1594.0,1760.0,missing,1920,2560
train_1263.jpg,1083.0,2007.0,1234.25,2072.0,missing,1920,2560
train_1263.jpg,1085.0,2085.5,1233.0,2190.0,missing,1920,2560
train_1263.jpg,507.5,2254.0,681.0,2350.5,missing,1920,2560
train_1263.jpg,1295.25,2252.5,1450.0,2353.0,missing,1920,2560
train_1263.jpg,1684.0,1423.0,1830.0,1518.0,missing,1920,2560
train_1263.jpg,1791.0,1698.0,1907.0,1726.0,missing,1920,2560
train_1263.jpg,66.0,1703.0,208.0,1789.0,missing,1920,2560
train_1264.jpg,198.0,924.5,302.67,1133.0,missing,2560,1920
train_1264.jpg,302.67,924.5,407.33,1133.0,missing,2560,1920
train_1264.jpg,407.33,924.5,512.0,1133.0,missing,2560,1920
train_1264.jpg,1248.0,936.0,1356.0,1145.0,missing,2560,1920
train_1264.jpg,285.0,1250.5,391.67,1467.5,missing,2560,1920
train_1264.jpg,391.67,1250.5,498.33,1467.5,missing,2560,1920
train_1264.jpg,498.33,1250.5,605.0,1467.5,missing,2560,1920
train_1264.jpg,715.0,1258.0,816.0,1472.0,missing,2560,1920
train_1265.jpg,1866.0,789.0,1984.5,1259.5,missing,2448,3264
train_1265.jpg,1984.5,789.0,2103.0,1259.5,missing,2448,3264
train_1265.jpg,139.0,1238.0,246.0,1349.0,missing,2448,3264
train_1265.jpg,326.0,1248.5,429.0,1345.0,missing,2448,3264
train_1265.jpg,774.0,1342.0,892.0,1471.0,missing,2448,3264
train_1265.jpg,1127.0,1311.0,1292.0,1444.5,missing,2448,3264
train_1265.jpg,746.0,1415.0,887.0,1542.5,missing,2448,3264
train_1265.jpg,181.0,1843.0,445.0,1947.0,missing,2448,3264
train_1265.jpg,267.0,1981.0,356.0,2087.0,missing,2448,3264
train_1265.jpg,549.0,1979.0,652.0,2094.0,missing,2448,3264
train_1265.jpg,270.0,2081.5,350.0,2180.5,missing,2448,3264
train_1265.jpg,525.0,2101.0,592.0,2197.5,missing,2448,3264
train_1265.jpg,592.0,2101.0,659.0,2197.5,missing,2448,3264
train_1265.jpg,1404.0,2094.0,1549.67,2244.5,missing,2448,3264
train_1265.jpg,762.0,2222.0,886.0,2357.5,missing,2448,3264
train_1265.jpg,886.0,2222.0,1010.0,2357.5,missing,2448,3264
train_1265.jpg,1910.0,1508.0,2012.0,1646.0,missing,2448,3264
train_1266.jpg,709.0,562.5,896.5,684.0,missing,2448,3264
train_1266.jpg,896.5,562.5,1084.0,684.0,missing,2448,3264
train_1266.jpg,714.0,709.0,907.0,830.5,missing,2448,3264
train_1266.jpg,1472.0,780.5,1625.0,965.5,missing,2448,3264
train_1266.jpg,1625.0,780.5,1778.0,965.5,missing,2448,3264
train_1266.jpg,1802.5,1080.0,1956.0,1248.0,missing,2448,3264
train_1266.jpg,1308.0,1269.5,1415.0,1427.0,missing,2448,3264
train_1266.jpg,1777.0,1541.0,1930.0,1697.5,missing,2448,3264
train_1266.jpg,1753.0,2274.5,1872.0,2436.5,missing,2448,3264
train_1266.jpg,908.0,2597.0,1053.0,2762.0,missing,2448,3264
train_1266.jpg,1053.0,2597.0,1198.0,2762.0,missing,2448,3264
train_1266.jpg,1654.69,1074.83,1795.45,1250.78,missing,2448,3264
train_1266.jpg,2346.26,1088.6,2444.17,1241.6,missing,2448,3264
train_1266.jpg,1065.64,2348.4,1232.41,2521.29,missing,2448,3264
train_1267.jpg,1497.0,892.5,1650.0,1076.0,missing,3024,4032
train_1267.jpg,1650.0,892.5,1803.0,1076.0,missing,3024,4032
train_1267.jpg,1459.0,1091.0,1631.0,1263.0,missing,3024,4032
train_1267.jpg,1631.0,1091.0,1803.0,1263.0,missing,3024,4032
train_1267.jpg,2621.0,1114.5,2862.0,1276.5,missing,3024,4032
train_1267.jpg,1422.0,1348.0,1593.67,1508.5,missing,3024,4032
train_1267.jpg,1593.67,1348.0,1765.33,1508.5,missing,3024,4032
train_1267.jpg,1765.33,1348.0,1937.0,1508.5,missing,3024,4032
train_1267.jpg,1422.0,1526.0,1598.33,1696.0,missing,3024,4032
train_1267.jpg,1598.33,1526.0,1774.67,1696.0,missing,3024,4032
train_1267.jpg,1774.67,1526.0,1951.0,1696.0,missing,3024,4032
train_1267.jpg,1625.33,2113.0,1811.67,2306.0,missing,3024,4032
train_1267.jpg,1811.67,2113.0,1998.0,2306.0,missing,3024,4032
train_1267.jpg,1721.0,2314.5,1961.0,2488.5,missing,3024,4032
train_1267.jpg,1452.0,2520.0,1652.33,2700.0,missing,3024,4032
train_1267.jpg,1652.33,2520.0,1852.67,2700.0,missing,3024,4032
train_1267.jpg,1852.67,2520.0,2053.0,2700.0,missing,3024,4032
train_1267.jpg,1447.0,2714.5,1649.0,2863.0,missing,3024,4032
train_1267.jpg,1649.0,2714.5,1851.0,2863.0,missing,3024,4032
train_1267.jpg,1851.0,2714.5,2053.0,2863.0,missing,3024,4032
train_1267.jpg,6.0,2122.0,222.0,2248.0,missing,3024,4032
train_1268.jpg,2901.0,314.5,3039.0,459.5,missing,4160,2336
train_1268.jpg,3039.0,314.5,3177.0,459.5,missing,4160,2336
train_1268.jpg,3177.0,314.5,3315.0,459.5,missing,4160,2336
train_1268.jpg,3617.0,570.0,3815.0,709.5,missing,4160,2336
train_1268.jpg,675.0,2000.5,768.0,2154.0,missing,4160,2336
train_1268.jpg,2633.0,1965.5,2732.0,2150.5,missing,4160,2336
train_1268.jpg,3247.4,1457.81,3380.0,1543.61,missing,4160,2336
train_1268.jpg,3434.6,1967.41,3590.6,2149.41,missing,4160,2336
